create table city (
	id int not null primary key,
	name varchar(25), 	
	active bool not null default true
	
	);
    
create table locality (
	id int not null primary key,
	name varchar(50), 	
	city_id int,
	FOREIGN KEY (city_id) REFERENCES city(id)
	); 

insert into city(id, name) values (1,"Bangalore");
insert into locality(id, name, city_id) values (1,"80 Ft. Road",1);
insert into locality(id, name, city_id) values (2,"Aavalahalli",1);
insert into locality(id, name, city_id) values (3,"Abbigere",1);
insert into locality(id, name, city_id) values (4,"Abhay Reddy Layout",1);
insert into locality(id, name, city_id) values (5,"Achitnagar",1);
insert into locality(id, name, city_id) values (6,"Adakamaranahalli",1);
insert into locality(id, name, city_id) values (7,"Adugodi",1);
insert into locality(id, name, city_id) values (8,"Aduru",1);
insert into locality(id, name, city_id) values (9,"AECS Layout",1);
insert into locality(id, name, city_id) values (10,"Agara",1);
insert into locality(id, name, city_id) values (11,"Agaram",1);
insert into locality(id, name, city_id) values (12,"Agrahara",1);
insert into locality(id, name, city_id) values (13,"Agrahara Badavane",1);
insert into locality(id, name, city_id) values (14,"Agram",1);
insert into locality(id, name, city_id) values (15,"Air Force Hospital",1);
insert into locality(id, name, city_id) values (16,"Airport",1);
insert into locality(id, name, city_id) values (17,"Akshayanagar",1);
insert into locality(id, name, city_id) values (18,"Allalasandra",1);
insert into locality(id, name, city_id) values (19,"Amruthahalli",1);
insert into locality(id, name, city_id) values (20,"Anagalapura",1);
insert into locality(id, name, city_id) values (21,"Anand Nagar",1);
insert into locality(id, name, city_id) values (22,"Anchepalya",1);
insert into locality(id, name, city_id) values (23,"Andrahalli",1);
insert into locality(id, name, city_id) values (24,"Anekal",1);
insert into locality(id, name, city_id) values (25,"Anepalya",1);
insert into locality(id, name, city_id) values (26,"Anjanapura",1);
insert into locality(id, name, city_id) values (27,"Anjanapura Twp",1);
insert into locality(id, name, city_id) values (28,"Annapurneshwari Nagar",1);
insert into locality(id, name, city_id) values (29,"Arabic College",1);
insert into locality(id, name, city_id) values (30,"Arekere",1);
insert into locality(id, name, city_id) values (31,"Armane Nagar",1);
insert into locality(id, name, city_id) values (32,"Ashok Nagar",1);
insert into locality(id, name, city_id) values (33,"Attibele",1);
insert into locality(id, name, city_id) values (34,"Attibele - Anekal Road",1);
insert into locality(id, name, city_id) values (35,"Attiguppe",1);
insert into locality(id, name, city_id) values (36,"Austin Town",1);
insert into locality(id, name, city_id) values (37,"Avalahalli",1);
insert into locality(id, name, city_id) values (38,"Avalahalli Huskuru",1);
insert into locality(id, name, city_id) values (39,"Avenue Road",1);
insert into locality(id, name, city_id) values (40,"Ayappa Garden",1);
insert into locality(id, name, city_id) values (41,"Ayyappa Nagar",1);
insert into locality(id, name, city_id) values (42,"Azad Nagar",1);
insert into locality(id, name, city_id) values (43,"B.P.Wadia Road",1);
insert into locality(id, name, city_id) values (44,"Babusa Palya",1);
insert into locality(id, name, city_id) values (45,"Bagalgunte",1);
insert into locality(id, name, city_id) values (46,"Bagalur",1);
insert into locality(id, name, city_id) values (47,"Baiyyappanahalli",1);
insert into locality(id, name, city_id) values (48,"Balagere",1);
insert into locality(id, name, city_id) values (49,"Ballur",1);
insert into locality(id, name, city_id) values (50,"Banasavadi",1);
insert into locality(id, name, city_id) values (51,"Banashankari",1);
insert into locality(id, name, city_id) values (52,"Banashankari 3rd Stage",1);
insert into locality(id, name, city_id) values (53,"Bangalore Bazaar",1);
insert into locality(id, name, city_id) values (54,"Bangalore District Office",1);
insert into locality(id, name, city_id) values (55,"Bangalore Viswavidyalaya",1);
insert into locality(id, name, city_id) values (56,"Bannerghatta",1);
insert into locality(id, name, city_id) values (57,"Bannerghatta Jigani Road",1);
insert into locality(id, name, city_id) values (58,"Bannerghatta Road",1);
insert into locality(id, name, city_id) values (59,"Bapagrama",1);
insert into locality(id, name, city_id) values (60,"Bapuji Nagar",1);
insert into locality(id, name, city_id) values (61,"Basapura",1);
insert into locality(id, name, city_id) values (62,"Basavanagar",1);
insert into locality(id, name, city_id) values (63,"Basavanagudi",1);
insert into locality(id, name, city_id) values (64,"Basaveshwara Nagar",1);
insert into locality(id, name, city_id) values (65,"Bashyam Nagar",1);
insert into locality(id, name, city_id) values (66,"Battarahalli",1);
insert into locality(id, name, city_id) values (67,"BCMC Layout",1);
insert into locality(id, name, city_id) values (68,"Bedarahalli",1);
insert into locality(id, name, city_id) values (69,"Begur",1);
insert into locality(id, name, city_id) values (70,"Begur Road",1);
insert into locality(id, name, city_id) values (71,"Belathur",1);
insert into locality(id, name, city_id) values (72,"Bellandur",1);
insert into locality(id, name, city_id) values (73,"Bellandur Outer Ring Road",1);
insert into locality(id, name, city_id) values (74,"Bellary Road",1);
insert into locality(id, name, city_id) values (75,"BEML Layout",1);
insert into locality(id, name, city_id) values (76,"BEML Layout Raja Rajeshwari Nagar",1);
insert into locality(id, name, city_id) values (77,"Bendre Nagar",1);
insert into locality(id, name, city_id) values (78,"Bennigana Halli",1);
insert into locality(id, name, city_id) values (79,"Benson Town",1);
insert into locality(id, name, city_id) values (80,"Bettadasanapura",1);
insert into locality(id, name, city_id) values (81,"Bettahalsoor",1);
insert into locality(id, name, city_id) values (82,"Bharat Nagar",1);
insert into locality(id, name, city_id) values (83,"Bhattarahalli",1);
insert into locality(id, name, city_id) values (84,"Bhoganhalli",1);
insert into locality(id, name, city_id) values (85,"Bhoothanahalli",1);
insert into locality(id, name, city_id) values (86,"Bhovi Palya",1);
insert into locality(id, name, city_id) values (87,"Bhuvaneshwari Nagar",1);
insert into locality(id, name, city_id) values (88,"Bidadi",1);
insert into locality(id, name, city_id) values (89,"Bidare Agraha",1);
insert into locality(id, name, city_id) values (90,"Bidrahalli",1);
insert into locality(id, name, city_id) values (91,"Bikasipura",1);
insert into locality(id, name, city_id) values (92,"Bikkanahalli",1);
insert into locality(id, name, city_id) values (93,"Bilekahalli",1);
insert into locality(id, name, city_id) values (94,"Bileshivale",1);
insert into locality(id, name, city_id) values (95,"Binnipete",1);
insert into locality(id, name, city_id) values (96,"Bolare",1);
insert into locality(id, name, city_id) values (97,"Bommanahalli",1);
insert into locality(id, name, city_id) values (98,"Bommasandra",1);
insert into locality(id, name, city_id) values (99,"Bommasandra Industrial Estate",1);
insert into locality(id, name, city_id) values (100,"Bone Mill",1);
insert into locality(id, name, city_id) values (101,"Boyalahalli",1);
insert into locality(id, name, city_id) values (102,"Brigade Road",1);
insert into locality(id, name, city_id) values (103,"Brookefield",1);
insert into locality(id, name, city_id) values (104,"Bsk 2nd Stage",1);
insert into locality(id, name, city_id) values (105,"Btm Layout",1);
insert into locality(id, name, city_id) values (106,"Budigere",1);
insert into locality(id, name, city_id) values (107,"Budigere Road",1);
insert into locality(id, name, city_id) values (108,"Byadarahalli",1);
insert into locality(id, name, city_id) values (109,"Byatarayanapura",1);
insert into locality(id, name, city_id) values (110,"Byatha",1);
insert into locality(id, name, city_id) values (111,"Byrathi",1);
insert into locality(id, name, city_id) values (112,"Byraveshwara Industrial Estate",1);
insert into locality(id, name, city_id) values (113,"C V Raman Nagar",1);
insert into locality(id, name, city_id) values (114,"Cambridge Layout",1);
insert into locality(id, name, city_id) values (115,"Carmelaram Road",1);
insert into locality(id, name, city_id) values (116,"Central Bengaluru",1);
insert into locality(id, name, city_id) values (117,"Central Silk Board",1);
insert into locality(id, name, city_id) values (118,"Challaghatta",1);
insert into locality(id, name, city_id) values (119,"Chamrajpet",1);
insert into locality(id, name, city_id) values (120,"Chandapura",1);
insert into locality(id, name, city_id) values (121,"Chandapura Anekal Road",1);
insert into locality(id, name, city_id) values (122,"Chandra Layout",1);
insert into locality(id, name, city_id) values (123,"Channasandra",1);
insert into locality(id, name, city_id) values (124,"Chickpet",1);
insert into locality(id, name, city_id) values (125,"Chikbanavara",1);
insert into locality(id, name, city_id) values (126,"Chikka Tirupathi",1);
insert into locality(id, name, city_id) values (127,"Chikka Tirupathi Road",1);
insert into locality(id, name, city_id) values (128,"Chikkaballapur",1);
insert into locality(id, name, city_id) values (129,"Chikkabana Halli",1);
insert into locality(id, name, city_id) values (130,"Chikkabanavara Lake",1);
insert into locality(id, name, city_id) values (131,"Chikkabellandur",1);
insert into locality(id, name, city_id) values (132,"Chikkabidarakallu",1);
insert into locality(id, name, city_id) values (133,"Chikkabidarkal",1);
insert into locality(id, name, city_id) values (134,"Chikkagubbi Village",1);
insert into locality(id, name, city_id) values (135,"Chikkajala",1);
insert into locality(id, name, city_id) values (136,"Chikkakannalli",1);
insert into locality(id, name, city_id) values (137,"Chikkalasandra",1);
insert into locality(id, name, city_id) values (138,"Chikkanagamangala",1);
insert into locality(id, name, city_id) values (139,"Chikkathoguru",1);
insert into locality(id, name, city_id) values (140,"Chikkavaderapura",1);
insert into locality(id, name, city_id) values (141,"Chintamani",1);
insert into locality(id, name, city_id) values (142,"Chokkanahalli",1);
insert into locality(id, name, city_id) values (143,"Cholourpalya",1);
insert into locality(id, name, city_id) values (144,"Choodasandra",1);
insert into locality(id, name, city_id) values (145,"Chudenapura",1);
insert into locality(id, name, city_id) values (146,"Church Street",1);
insert into locality(id, name, city_id) values (147,"City Centre",1);
insert into locality(id, name, city_id) values (148,"CMH Road",1);
insert into locality(id, name, city_id) values (149,"Commercial Street",1);
insert into locality(id, name, city_id) values (150,"Cooke Town",1);
insert into locality(id, name, city_id) values (151,"Cottonpet",1);
insert into locality(id, name, city_id) values (152,"Cox Town",1);
insert into locality(id, name, city_id) values (153,"Crescent Road",1);
insert into locality(id, name, city_id) values (154,"Crpf Campus Yelahanka",1);
insert into locality(id, name, city_id) values (155,"Cubban Road",1);
insert into locality(id, name, city_id) values (156,"Cunningham Road",1);
insert into locality(id, name, city_id) values (157,"Dasarahalli",1);
insert into locality(id, name, city_id) values (158,"Dasarahalli Main Road",1);
insert into locality(id, name, city_id) values (159,"Dayananda Nagar",1);
insert into locality(id, name, city_id) values (160,"Deepanjalinagar",1);
insert into locality(id, name, city_id) values (161,"Defence Colony",1);
insert into locality(id, name, city_id) values (162,"Devanagonthi",1);
insert into locality(id, name, city_id) values (163,"Devanagundi",1);
insert into locality(id, name, city_id) values (164,"Devanahalli",1);
insert into locality(id, name, city_id) values (165,"Devanahalli Road",1);
insert into locality(id, name, city_id) values (166,"Devara Jeevanahalli",1);
insert into locality(id, name, city_id) values (167,"Devarachikkanahalli",1);
insert into locality(id, name, city_id) values (168,"Devasandra Lake",1);
insert into locality(id, name, city_id) values (169,"Devinagar",1);
insert into locality(id, name, city_id) values (170,"Dharmaram College",1);
insert into locality(id, name, city_id) values (171,"Diamond District",1);
insert into locality(id, name, city_id) values (172,"Dickenson Road",1);
insert into locality(id, name, city_id) values (173,"Dlf Township",1);
insert into locality(id, name, city_id) values (174,"Dodda Aalada Mara Road",1);
insert into locality(id, name, city_id) values (175,"Dodda Banaswadi",1);
insert into locality(id, name, city_id) values (176,"Doddaballapur",1);
insert into locality(id, name, city_id) values (177,"Doddaballapur Rd.",1);
insert into locality(id, name, city_id) values (178,"Doddaballapur Road",1);
insert into locality(id, name, city_id) values (179,"Doddaballapura",1);
insert into locality(id, name, city_id) values (180,"Doddabanahalli",1);
insert into locality(id, name, city_id) values (181,"Doddabele",1);
insert into locality(id, name, city_id) values (182,"Doddabidarakallu",1);
insert into locality(id, name, city_id) values (183,"Doddabommasandra",1);
insert into locality(id, name, city_id) values (184,"Doddagubbi",1);
insert into locality(id, name, city_id) values (185,"Doddakallasandra",1);
insert into locality(id, name, city_id) values (186,"Doddakammanahalli",1);
insert into locality(id, name, city_id) values (187,"Doddakannalli",1);
insert into locality(id, name, city_id) values (188,"Doddanagamangala",1);
insert into locality(id, name, city_id) values (189,"Doddanekkundi",1);
insert into locality(id, name, city_id) values (190,"Dollars Colony",1);
insert into locality(id, name, city_id) values (191,"Domlur",1);
insert into locality(id, name, city_id) values (192,"Dommasandra",1);
insert into locality(id, name, city_id) values (193,"Dooravaninagar",1);
insert into locality(id, name, city_id) values (194,"Doorvaninagar",1);
insert into locality(id, name, city_id) values (195,"Dr. Ambedkar Veedhi",1);
insert into locality(id, name, city_id) values (196,"Dr. Shivarama Karanth Nagar",1);
insert into locality(id, name, city_id) values (197,"Ejipura",1);
insert into locality(id, name, city_id) values (198,"Electronic City",1);
insert into locality(id, name, city_id) values (199,"Electronic City Phase I",1);
insert into locality(id, name, city_id) values (200,"Electronic City Phase II",1);
insert into locality(id, name, city_id) values (201,"Essel gardens",1);
insert into locality(id, name, city_id) values (202,"Fraser Town",1);
insert into locality(id, name, city_id) values (203,"Frazer Town",1);
insert into locality(id, name, city_id) values (204,"G.e.f.",1);
insert into locality(id, name, city_id) values (205,"Ganapathihalli",1);
insert into locality(id, name, city_id) values (206,"Gandhi Nagar",1);
insert into locality(id, name, city_id) values (207,"Ganga Nagar",1);
insert into locality(id, name, city_id) values (208,"Gangamma Circle",1);
insert into locality(id, name, city_id) values (209,"Garvebhavi Palya",1);
insert into locality(id, name, city_id) values (210,"Gattahalli",1);
insert into locality(id, name, city_id) values (211,"Gauribidanur Road",1);
insert into locality(id, name, city_id) values (212,"Gavipuram Extension",1);
insert into locality(id, name, city_id) values (213,"Gayathrinagar",1);
insert into locality(id, name, city_id) values (214,"Gayatrinagar",1);
insert into locality(id, name, city_id) values (215,"Girinagar",1);
insert into locality(id, name, city_id) values (216,"GM Palya",1);
insert into locality(id, name, city_id) values (217,"Gollahalli",1);
insert into locality(id, name, city_id) values (218,"Goraguntepalya",1);
insert into locality(id, name, city_id) values (219,"Gottigere",1);
insert into locality(id, name, city_id) values (220,"Govindapura",1);
insert into locality(id, name, city_id) values (221,"Guddadahalli",1);
insert into locality(id, name, city_id) values (222,"Guddahatti",1);
insert into locality(id, name, city_id) values (223,"Gulimangala",1);
insert into locality(id, name, city_id) values (224,"Gunjur",1);
insert into locality(id, name, city_id) values (225,"Guttahalli",1);
insert into locality(id, name, city_id) values (226,"H K P Road",1);
insert into locality(id, name, city_id) values (227,"H.a. Farm",1);
insert into locality(id, name, city_id) values (228,"H.B.R. Layout",1);
insert into locality(id, name, city_id) values (229,"H.k.p. Road",1);
insert into locality(id, name, city_id) values (230,"H.m.t",1);
insert into locality(id, name, city_id) values (231,"H.S.R Layout",1);
insert into locality(id, name, city_id) values (232,"HAL",1);
insert into locality(id, name, city_id) values (233,"HAL 2nd Stage",1);
insert into locality(id, name, city_id) values (234,"Halanayakanahalli",1);
insert into locality(id, name, city_id) values (235,"Hampinagar",1);
insert into locality(id, name, city_id) values (236,"Hancharahalli",1);
insert into locality(id, name, city_id) values (237,"Hanumanth Nagar",1);
insert into locality(id, name, city_id) values (238,"Haragadde",1);
insert into locality(id, name, city_id) values (239,"Haralur Road",1);
insert into locality(id, name, city_id) values (240,"Harlur",1);
insert into locality(id, name, city_id) values (241,"Harohalli",1);
insert into locality(id, name, city_id) values (242,"Haudin Road",1);
insert into locality(id, name, city_id) values (243,"Hebbagodi",1);
insert into locality(id, name, city_id) values (244,"Hebbal",1);
insert into locality(id, name, city_id) values (245,"Hebbal Kempapura",1);
insert into locality(id, name, city_id) values (246,"Heelalige",1);
insert into locality(id, name, city_id) values (247,"Hegde Nagar",1);
insert into locality(id, name, city_id) values (248,"Hegganahalli",1);
insert into locality(id, name, city_id) values (249,"Hennagara",1);
insert into locality(id, name, city_id) values (250,"Hennur",1);
insert into locality(id, name, city_id) values (251,"Hennur Main Road",1);
insert into locality(id, name, city_id) values (252,"Herohalli",1);
insert into locality(id, name, city_id) values (253,"Hesaraghatta",1);
insert into locality(id, name, city_id) values (254,"Hessarghatta Road",1);
insert into locality(id, name, city_id) values (255,"High Court",1);
insert into locality(id, name, city_id) values (256,"High Grounds",1);
insert into locality(id, name, city_id) values (257,"Hirandahalli",1);
insert into locality(id, name, city_id) values (258,"Hmt",1);
insert into locality(id, name, city_id) values (259,"Hombegowda Nagar",1);
insert into locality(id, name, city_id) values (260,"Hongasandra",1);
insert into locality(id, name, city_id) values (261,"Hoodi",1);
insert into locality(id, name, city_id) values (262,"Horamavu",1);
insert into locality(id, name, city_id) values (263,"Horamavu Agara",1);
insert into locality(id, name, city_id) values (264,"Hormavu",1);
insert into locality(id, name, city_id) values (265,"Hosa Road",1);
insert into locality(id, name, city_id) values (266,"Hosahalli Gollarapalya",1);
insert into locality(id, name, city_id) values (267,"Hosakerehalli",1);
insert into locality(id, name, city_id) values (268,"Hoskote",1);
insert into locality(id, name, city_id) values (269,"Hoskote Malur Road",1);
insert into locality(id, name, city_id) values (270,"Hosur Road",1);
insert into locality(id, name, city_id) values (271,"HRBR Layout",1);
insert into locality(id, name, city_id) values (272,"HSR Layout",1);
insert into locality(id, name, city_id) values (273,"Hulimangala",1);
insert into locality(id, name, city_id) values (274,"Hulimavu",1);
insert into locality(id, name, city_id) values (275,"Hunsur Road",1);
insert into locality(id, name, city_id) values (276,"Huskur",1);
insert into locality(id, name, city_id) values (277,"Huttanahalli",1);
insert into locality(id, name, city_id) values (278,"Huvinane",1);
insert into locality(id, name, city_id) values (279,"Immedihalli",1);
insert into locality(id, name, city_id) values (280,"Indian Institute Of Science",1);
insert into locality(id, name, city_id) values (281,"Indiranagar",1);
insert into locality(id, name, city_id) values (282,"Indlawadi Pura",1);
insert into locality(id, name, city_id) values (283,"Infantry Road",1);
insert into locality(id, name, city_id) values (284,"International Airport Road",1);
insert into locality(id, name, city_id) values (285,"Isro Layout",1);
insert into locality(id, name, city_id) values (286,"ITPL",1);
insert into locality(id, name, city_id) values (287,"ITPL Road",1);
insert into locality(id, name, city_id) values (288,"Ittamadu",1);
insert into locality(id, name, city_id) values (289,"IVC Road",1);
insert into locality(id, name, city_id) values (290,"J C Nagar",1);
insert into locality(id, name, city_id) values (291,"J.P. Nagar",1);
insert into locality(id, name, city_id) values (292,"Jagajeevanram Nagar",1);
insert into locality(id, name, city_id) values (293,"Jakkur",1);
insert into locality(id, name, city_id) values (294,"Jalahalli",1);
insert into locality(id, name, city_id) values (295,"Jalahalli Cross",1);
insert into locality(id, name, city_id) values (296,"Jalahalli East",1);
insert into locality(id, name, city_id) values (297,"Jalahalli West",1);
insert into locality(id, name, city_id) values (298,"Jalavayuvihar",1);
insert into locality(id, name, city_id) values (299,"Jangamakote",1);
insert into locality(id, name, city_id) values (300,"Jayamahal",1);
insert into locality(id, name, city_id) values (301,"Jayamahal Extn",1);
insert into locality(id, name, city_id) values (302,"Jayamahal Road",1);
insert into locality(id, name, city_id) values (303,"Jayanagar",1);
insert into locality(id, name, city_id) values (304,"Jaylakshmi Puram",1);
insert into locality(id, name, city_id) values (305,"Jeevanbhimanagar",1);
insert into locality(id, name, city_id) values (306,"Jigani",1);
insert into locality(id, name, city_id) values (307,"Jigani Road",1);
insert into locality(id, name, city_id) values (308,"Jnana Ganga Nagar",1);
insert into locality(id, name, city_id) values (309,"Jogapalya",1);
insert into locality(id, name, city_id) values (310,"JP Nagar 1st Phase",1);
insert into locality(id, name, city_id) values (311,"JP Nagar 7th Phase",1);
insert into locality(id, name, city_id) values (312,"JP Nagar 8th Phase",1);
insert into locality(id, name, city_id) values (313,"JP Nagar 9th Phase",1);
insert into locality(id, name, city_id) values (314,"Judicial Layout",1);
insert into locality(id, name, city_id) values (315,"Jyotipuram",1);
insert into locality(id, name, city_id) values (316,"K Channasandra",1);
insert into locality(id, name, city_id) values (317,"K H B Colony",1);
insert into locality(id, name, city_id) values (318,"K R Puram",1);
insert into locality(id, name, city_id) values (319,"K. C. Krishna Reddy Layout",1);
insert into locality(id, name, city_id) values (320,"K. G. Road",1);
insert into locality(id, name, city_id) values (321,"K.d. Road",1);
insert into locality(id, name, city_id) values (322,"Kacharakanahalli",1);
insert into locality(id, name, city_id) values (323,"Kadabagere",1);
insert into locality(id, name, city_id) values (324,"Kadubeesanahalli",1);
insert into locality(id, name, city_id) values (325,"Kadugodi",1);
insert into locality(id, name, city_id) values (326,"Kadugondanahalli",1);
insert into locality(id, name, city_id) values (327,"Kagalipura",1);
insert into locality(id, name, city_id) values (328,"Kaggadasapura",1);
insert into locality(id, name, city_id) values (329,"Kaikondarhalli",1);
insert into locality(id, name, city_id) values (330,"Kaikondrahalli",1);
insert into locality(id, name, city_id) values (331,"Kakolu",1);
insert into locality(id, name, city_id) values (332,"Kalasipalayam",1);
insert into locality(id, name, city_id) values (333,"Kalena Agrahara",1);
insert into locality(id, name, city_id) values (334,"Kalkere",1);
insert into locality(id, name, city_id) values (335,"Kalkunte",1);
insert into locality(id, name, city_id) values (336,"Kalyan Nagar",1);
insert into locality(id, name, city_id) values (337,"Kamakshipalya",1);
insert into locality(id, name, city_id) values (338,"Kammanahalli",1);
insert into locality(id, name, city_id) values (339,"Kammasandra",1);
insert into locality(id, name, city_id) values (340,"Kanakanagar",1);
insert into locality(id, name, city_id) values (341,"Kanakapura",1);
insert into locality(id, name, city_id) values (342,"Kanakapura Road",1);
insert into locality(id, name, city_id) values (343,"Kanekallu",1);
insert into locality(id, name, city_id) values (344,"Kannamangala",1);
insert into locality(id, name, city_id) values (345,"Kannuru",1);
insert into locality(id, name, city_id) values (346,"Kanteeravanagar",1);
insert into locality(id, name, city_id) values (347,"Kariobanahalli",1);
insert into locality(id, name, city_id) values (348,"Kariyana Palya",1);
insert into locality(id, name, city_id) values (349,"Kasavanahalli",1);
insert into locality(id, name, city_id) values (350,"Kasturi Nagar",1);
insert into locality(id, name, city_id) values (351,"Kathriguppe",1);
insert into locality(id, name, city_id) values (352,"Kattigenahalli",1);
insert into locality(id, name, city_id) values (353,"Kaval Bairasandra",1);
insert into locality(id, name, city_id) values (354,"Kaveri Nagar",1);
insert into locality(id, name, city_id) values (355,"Kempapur Agrahara",1);
insert into locality(id, name, city_id) values (356,"Kempapura",1);
insert into locality(id, name, city_id) values (357,"Kempe Gowda Nagar",1);
insert into locality(id, name, city_id) values (358,"Kempe Gowda Road",1);
insert into locality(id, name, city_id) values (359,"Kenchanahalli",1);
insert into locality(id, name, city_id) values (360,"Kenchanapura Village",1);
insert into locality(id, name, city_id) values (361,"Kengeri",1);
insert into locality(id, name, city_id) values (362,"Kengeri Satellite Town",1);
insert into locality(id, name, city_id) values (363,"Kithaganur Colony",1);
insert into locality(id, name, city_id) values (364,"Kithiganur",1);
insert into locality(id, name, city_id) values (365,"Kodathi",1);
insert into locality(id, name, city_id) values (366,"Kodichikkanahalli",1);
insert into locality(id, name, city_id) values (367,"Kodigehalli",1);
insert into locality(id, name, city_id) values (368,"Kodigehalli - KR Puram",1);
insert into locality(id, name, city_id) values (369,"Kodihalli",1);
insert into locality(id, name, city_id) values (370,"Kodipalya",1);
insert into locality(id, name, city_id) values (371,"Kodipur",1);
insert into locality(id, name, city_id) values (372,"Kogilu",1);
insert into locality(id, name, city_id) values (373,"Kogilu Road",1);
insert into locality(id, name, city_id) values (374,"Kolar Chikkaballapur Road",1);
insert into locality(id, name, city_id) values (375,"Kolar Road",1);
insert into locality(id, name, city_id) values (376,"Kommaghatta",1);
insert into locality(id, name, city_id) values (377,"Konadasapura",1);
insert into locality(id, name, city_id) values (378,"Konanakunte",1);
insert into locality(id, name, city_id) values (379,"Koralur",1);
insert into locality(id, name, city_id) values (380,"Koramangala",1);
insert into locality(id, name, city_id) values (381,"Kothanur",1);
insert into locality(id, name, city_id) values (382,"Koti Hosahalli",1);
insert into locality(id, name, city_id) values (383,"Krishnarajapuram",1);
insert into locality(id, name, city_id) values (384,"Krishnasagara",1);
insert into locality(id, name, city_id) values (385,"Kudlu",1);
insert into locality(id, name, city_id) values (386,"Kudlu Gate",1);
insert into locality(id, name, city_id) values (387,"Kumaraswamy Layout",1);
insert into locality(id, name, city_id) values (388,"Kumbalagodu",1);
insert into locality(id, name, city_id) values (389,"Kumbalgodu",1);
insert into locality(id, name, city_id) values (390,"Kundalahalli",1);
insert into locality(id, name, city_id) values (391,"Kuthaganahalli",1);
insert into locality(id, name, city_id) values (392,"Kyalasanahalli",1);
insert into locality(id, name, city_id) values (393,"Laggere",1);
insert into locality(id, name, city_id) values (394,"Lakkasandra",1);
insert into locality(id, name, city_id) values (395,"Lalbagh",1);
insert into locality(id, name, city_id) values (396,"Lalbagh Rd.",1);
insert into locality(id, name, city_id) values (397,"Langford Gardens",1);
insert into locality(id, name, city_id) values (398,"Langford Road",1);
insert into locality(id, name, city_id) values (399,"Langford Town",1);
insert into locality(id, name, city_id) values (400,"Lavelle Road",1);
insert into locality(id, name, city_id) values (401,"LB Shastri Nagar",1);
insert into locality(id, name, city_id) values (402,"Lingadeeranhalli",1);
insert into locality(id, name, city_id) values (403,"Lingadheeranahalli",1);
insert into locality(id, name, city_id) values (404,"Lingarajapuram",1);
insert into locality(id, name, city_id) values (405,"Lottegollahalli",1);
insert into locality(id, name, city_id) values (406,"M. G. Road",1);
insert into locality(id, name, city_id) values (407,"Madavara",1);
insert into locality(id, name, city_id) values (408,"Madhavan Park",1);
insert into locality(id, name, city_id) values (409,"Madivala",1);
insert into locality(id, name, city_id) values (410,"Magadi Road",1);
insert into locality(id, name, city_id) values (411,"Magrath Road",1);
insert into locality(id, name, city_id) values (412,"Mahadevpura",1);
insert into locality(id, name, city_id) values (413,"Mahalakshmi Layout",1);
insert into locality(id, name, city_id) values (414,"Mahalakshmipuram",1);
insert into locality(id, name, city_id) values (415,"Mahatma Gandhi Road",1);
insert into locality(id, name, city_id) values (416,"Mailasandra",1);
insert into locality(id, name, city_id) values (417,"Majestic",1);
insert into locality(id, name, city_id) values (418,"Mallathahalli",1);
insert into locality(id, name, city_id) values (419,"Malle Nalsandra",1);
insert into locality(id, name, city_id) values (420,"Malleshpalya",1);
insert into locality(id, name, city_id) values (421,"Malleswaram",1);
insert into locality(id, name, city_id) values (422,"Malleswaram West",1);
insert into locality(id, name, city_id) values (423,"Malur",1);
insert into locality(id, name, city_id) values (424,"Malur-Hosur Road",1);
insert into locality(id, name, city_id) values (425,"Mangammanapalya",1);
insert into locality(id, name, city_id) values (426,"Marathahalli",1);
insert into locality(id, name, city_id) values (427,"Marathahalli ORR",1);
insert into locality(id, name, city_id) values (428,"Margondanahalli",1);
insert into locality(id, name, city_id) values (429,"Marsur",1);
insert into locality(id, name, city_id) values (430,"Maruthi Nagar",1);
insert into locality(id, name, city_id) values (431,"Maruthi Sevanagar",1);
insert into locality(id, name, city_id) values (432,"Mathikere",1);
insert into locality(id, name, city_id) values (433,"Mavalli",1);
insert into locality(id, name, city_id) values (434,"Medahalli",1);
insert into locality(id, name, city_id) values (435,"Medihalli",1);
insert into locality(id, name, city_id) values (436,"Medimallasandra",1);
insert into locality(id, name, city_id) values (437,"Meenakunte",1);
insert into locality(id, name, city_id) values (438,"Mico Layout",1);
insert into locality(id, name, city_id) values (439,"Milk Colony",1);
insert into locality(id, name, city_id) values (440,"Millers Road",1);
insert into locality(id, name, city_id) values (441,"Minerva Circle",1);
insert into locality(id, name, city_id) values (442,"Mission Road",1);
insert into locality(id, name, city_id) values (443,"MS Palya",1);
insert into locality(id, name, city_id) values (444,"Msrit",1);
insert into locality(id, name, city_id) values (445,"Mundur",1);
insert into locality(id, name, city_id) values (446,"Muneshwara Nagar",1);
insert into locality(id, name, city_id) values (447,"Munnekollal",1);
insert into locality(id, name, city_id) values (448,"Murugeshpalya",1);
insert into locality(id, name, city_id) values (449,"Museum Road",1);
insert into locality(id, name, city_id) values (450,"Muthanallur",1);
insert into locality(id, name, city_id) values (451,"Muthusandra",1);
insert into locality(id, name, city_id) values (452,"Mysore Road",1);
insert into locality(id, name, city_id) values (453,"Nagadevanahalli",1);
insert into locality(id, name, city_id) values (454,"Nagapura",1);
insert into locality(id, name, city_id) values (455,"Nagarabhavi",1);
insert into locality(id, name, city_id) values (456,"Nagarathpete",1);
insert into locality(id, name, city_id) values (457,"Nagarbhavi",1);
insert into locality(id, name, city_id) values (458,"Nagarbhavi Circle",1);
insert into locality(id, name, city_id) values (459,"Nagasandra",1);
insert into locality(id, name, city_id) values (460,"Nagavara",1);
insert into locality(id, name, city_id) values (461,"Nagdevanahalli",1);
insert into locality(id, name, city_id) values (462,"Nagegowdanapalya",1);
insert into locality(id, name, city_id) values (463,"Nagondanahalli",1);
insert into locality(id, name, city_id) values (464,"Nagvarpalya Main Road",1);
insert into locality(id, name, city_id) values (465,"Nal",1);
insert into locality(id, name, city_id) values (466,"Nandhini Layout",1);
insert into locality(id, name, city_id) values (467,"Nandi Durg Road",1);
insert into locality(id, name, city_id) values (468,"Nandi Hills",1);
insert into locality(id, name, city_id) values (469,"Narasapura",1);
insert into locality(id, name, city_id) values (470,"Narayanapura",1);
insert into locality(id, name, city_id) values (471,"Nayandahalli",1);
insert into locality(id, name, city_id) values (472,"Neelasandra",1);
insert into locality(id, name, city_id) values (473,"Nehru Nagar",1);
insert into locality(id, name, city_id) values (474,"Nelakadiranahalli",1);
insert into locality(id, name, city_id) values (475,"Nelamangala",1);
insert into locality(id, name, city_id) values (476,"Nelamangala - Chikkaballapura Road",1);
insert into locality(id, name, city_id) values (477,"New BEL Road",1);
insert into locality(id, name, city_id) values (478,"New Gurappana Palya",1);
insert into locality(id, name, city_id) values (479,"New Thippasan",1);
insert into locality(id, name, city_id) values (480,"New Thippasandra",1);
insert into locality(id, name, city_id) values (481,"NH 207",1);
insert into locality(id, name, city_id) values (482,"Niketan",1);
insert into locality(id, name, city_id) values (483,"NRI Layout",1);
insert into locality(id, name, city_id) values (484,"Off Hennur Road",1);
insert into locality(id, name, city_id) values (485,"Off Sarjapur road",1);
insert into locality(id, name, city_id) values (486,"Old Airport Road",1);
insert into locality(id, name, city_id) values (487,"Old Madras Road",1);
insert into locality(id, name, city_id) values (488,"OMBR Layout",1);
insert into locality(id, name, city_id) values (489,"Outer Ring Road",1);
insert into locality(id, name, city_id) values (490,"Padarayana Pura",1);
insert into locality(id, name, city_id) values (491,"Padmanabhanagar",1);
insert into locality(id, name, city_id) values (492,"Pai Layout",1);
insert into locality(id, name, city_id) values (493,"Palace Guttahalli",1);
insert into locality(id, name, city_id) values (494,"Palace Road",1);
insert into locality(id, name, city_id) values (495,"Pampamahakavi Road",1);
insert into locality(id, name, city_id) values (496,"Panathur",1);
insert into locality(id, name, city_id) values (497,"Panduranga Nagar",1);
insert into locality(id, name, city_id) values (498,"Parappana Agrahara",1);
insert into locality(id, name, city_id) values (499,"Pavamanapura",1);
insert into locality(id, name, city_id) values (500,"Peenya",1);
insert into locality(id, name, city_id) values (501,"Prashanth Nagar",1);
insert into locality(id, name, city_id) values (502,"R V Niketan",1);
insert into locality(id, name, city_id) values (503,"R.T. Nagar",1);
insert into locality(id, name, city_id) values (504,"Race Course Road",1);
insert into locality(id, name, city_id) values (505,"Rachenahalli",1);
insert into locality(id, name, city_id) values (506,"Ragavendra Nagar",1);
insert into locality(id, name, city_id) values (507,"Ragihalli",1);
insert into locality(id, name, city_id) values (508,"Raj Bhavan Road",1);
insert into locality(id, name, city_id) values (509,"Raja Rajeshwari Nagar",1);
insert into locality(id, name, city_id) values (510,"RajajiNagar",1);
insert into locality(id, name, city_id) values (511,"Rajanukunte",1);
insert into locality(id, name, city_id) values (512,"Rajvi Nagar",1);
insert into locality(id, name, city_id) values (513,"Ram Krishna Nagar",1);
insert into locality(id, name, city_id) values (514,"Ram Murthy Nagar",1);
insert into locality(id, name, city_id) values (515,"Ramagondana Halli",1);
insert into locality(id, name, city_id) values (516,"Ramamurthy Nagar",1);
insert into locality(id, name, city_id) values (517,"Rameshnagar",1);
insert into locality(id, name, city_id) values (518,"Ramohalli",1);
insert into locality(id, name, city_id) values (519,"Rampura",1);
insert into locality(id, name, city_id) values (520,"Rayasandra",1);
insert into locality(id, name, city_id) values (521,"Residency Road",1);
insert into locality(id, name, city_id) values (522,"Richards Town",1);
insert into locality(id, name, city_id) values (523,"Richmond Road",1);
insert into locality(id, name, city_id) values (524,"Richmond Town",1);
insert into locality(id, name, city_id) values (525,"RMV",1);
insert into locality(id, name, city_id) values (526,"RMV 2nd Stage",1);
insert into locality(id, name, city_id) values (527,"RMV Extension",1);
insert into locality(id, name, city_id) values (528,"RMV Extension Stage 2",1);
insert into locality(id, name, city_id) values (529,"RR Nagar",1);
insert into locality(id, name, city_id) values (530,"Rukmini Nagar",1);
insert into locality(id, name, city_id) values (531,"Rustam Bagh Layout",1);
insert into locality(id, name, city_id) values (532,"S.Medihalli",1);
insert into locality(id, name, city_id) values (533,"S.R. Nagar",1);
insert into locality(id, name, city_id) values (534,"Sadahalli",1);
insert into locality(id, name, city_id) values (535,"Sadashiv Nagar",1);
insert into locality(id, name, city_id) values (536,"Sadduguntepalya",1);
insert into locality(id, name, city_id) values (537,"Sahakara Nagar",1);
insert into locality(id, name, city_id) values (538,"Sakalavara",1);
insert into locality(id, name, city_id) values (539,"Samethanahalli",1);
insert into locality(id, name, city_id) values (540,"Sampangirama Nagar",1);
insert into locality(id, name, city_id) values (541,"Sampigehalli",1);
insert into locality(id, name, city_id) values (542,"Sanjay Gandhi Nagar",1);
insert into locality(id, name, city_id) values (543,"Sanjay Nagar",1);
insert into locality(id, name, city_id) values (544,"Sanjeevini Nagar",1);
insert into locality(id, name, city_id) values (545,"Sankey Road",1);
insert into locality(id, name, city_id) values (546,"Sarakki Main Road.",1);
insert into locality(id, name, city_id) values (547,"Sarjapur",1);
insert into locality(id, name, city_id) values (548,"Sarjapur Attibele Road",1);
insert into locality(id, name, city_id) values (549,"Sarjapur Bagalur Road",1);
insert into locality(id, name, city_id) values (550,"Sarjapur Outer Ring Road",1);
insert into locality(id, name, city_id) values (551,"Sarjapur Road",1);
insert into locality(id, name, city_id) values (552,"Sarvagnanagar",1);
insert into locality(id, name, city_id) values (553,"Seegehalli",1);
insert into locality(id, name, city_id) values (554,"Seshadri Road",1);
insert into locality(id, name, city_id) values (555,"Seshadripuram",1);
insert into locality(id, name, city_id) values (556,"Sevashrama",1);
insert into locality(id, name, city_id) values (557,"Shampura",1);
insert into locality(id, name, city_id) values (558,"Shankarapura",1);
insert into locality(id, name, city_id) values (559,"Shanthinagar",1);
insert into locality(id, name, city_id) values (560,"Sheshadripuram",1);
insert into locality(id, name, city_id) values (561,"Shettigere",1);
insert into locality(id, name, city_id) values (562,"Shettihalli",1);
insert into locality(id, name, city_id) values (563,"Shigehalli",1);
insert into locality(id, name, city_id) values (564,"Shivaji Nagar",1);
insert into locality(id, name, city_id) values (565,"Shivakote",1);
insert into locality(id, name, city_id) values (566,"Shivanagar",1);
insert into locality(id, name, city_id) values (567,"Shrirampuram",1);
insert into locality(id, name, city_id) values (568,"Siddapura Rd.",1);
insert into locality(id, name, city_id) values (569,"Sidedahalli",1);
insert into locality(id, name, city_id) values (570,"Silk Board Junction",1);
insert into locality(id, name, city_id) values (571,"Silvepura",1);
insert into locality(id, name, city_id) values (572,"Singanayakanahalli",1);
insert into locality(id, name, city_id) values (573,"Singapura",1);
insert into locality(id, name, city_id) values (574,"Singasandra",1);
insert into locality(id, name, city_id) values (575,"Sivan Chetty Gardens",1);
insert into locality(id, name, city_id) values (576,"SMV Layout",1);
insert into locality(id, name, city_id) values (577,"Soladevanahalli",1);
insert into locality(id, name, city_id) values (578,"Somanhalli",1);
insert into locality(id, name, city_id) values (579,"Somapura",1);
insert into locality(id, name, city_id) values (580,"Somashetti Halli",1);
insert into locality(id, name, city_id) values (581,"Somasundarapalya",1);
insert into locality(id, name, city_id) values (582,"Sompura Gate",1);
insert into locality(id, name, city_id) values (583,"Sonnenahalli",1);
insert into locality(id, name, city_id) values (584,"Soukya Road",1);
insert into locality(id, name, city_id) values (585,"Sri Chowdeshwari",1);
insert into locality(id, name, city_id) values (586,"Sri Jayachamarajendra Road",1);
insert into locality(id, name, city_id) values (587,"Sri Ram Puram",1);
insert into locality(id, name, city_id) values (588,"Srinivasa Nagar",1);
insert into locality(id, name, city_id) values (589,"Srinivaspur",1);
insert into locality(id, name, city_id) values (590,"Srinivaspura",1);
insert into locality(id, name, city_id) values (591,"Srirampuram",1);
insert into locality(id, name, city_id) values (592,"St. Johns Road",1);
insert into locality(id, name, city_id) values (593,"St. Mark",1);
insert into locality(id, name, city_id) values (594,"St. Thomas Town",1);
insert into locality(id, name, city_id) values (595,"State Bank of India Colony",1);
insert into locality(id, name, city_id) values (596,"Subramanyapura",1);
insert into locality(id, name, city_id) values (597,"Sudhama Nagar",1);
insert into locality(id, name, city_id) values (598,"Sulikere",1);
insert into locality(id, name, city_id) values (599,"Sultanpete",1);
insert into locality(id, name, city_id) values (600,"Sunkadakatte",1);
insert into locality(id, name, city_id) values (601,"Sunkalpalya",1);
insert into locality(id, name, city_id) values (602,"T Dasarahalli",1);
insert into locality(id, name, city_id) values (603,"Talaghattapura",1);
insert into locality(id, name, city_id) values (604,"Tarabanahalli",1);
insert into locality(id, name, city_id) values (605,"Taralu",1);
insert into locality(id, name, city_id) values (606,"Tataguni",1);
insert into locality(id, name, city_id) values (607,"Tavarekere",1);
insert into locality(id, name, city_id) values (608,"TC Palya Road",1);
insert into locality(id, name, city_id) values (609,"Tejaswini Nagar",1);
insert into locality(id, name, city_id) values (610,"Thalaghattapura",1);
insert into locality(id, name, city_id) values (611,"Thambuchetty Palya",1);
insert into locality(id, name, city_id) values (612,"Thanisandra",1);
insert into locality(id, name, city_id) values (613,"Thanisandra Main Road",1);
insert into locality(id, name, city_id) values (614,"Thanisandra Road",1);
insert into locality(id, name, city_id) values (615,"Tharalu",1);
insert into locality(id, name, city_id) values (616,"Thattekuppe",1);
insert into locality(id, name, city_id) values (617,"Thaverekere Road",1);
insert into locality(id, name, city_id) values (618,"Thippasandra",1);
insert into locality(id, name, city_id) values (619,"Thubarahalli",1);
insert into locality(id, name, city_id) values (620,"Thurahalli",1);
insert into locality(id, name, city_id) values (621,"Thyagarajanagar",1);
insert into locality(id, name, city_id) values (622,"Tilaknagar",1);
insert into locality(id, name, city_id) values (623,"Tippenahalli",1);
insert into locality(id, name, city_id) values (624,"Tirumanahalli",1);
insert into locality(id, name, city_id) values (625,"Tumk",1);
insert into locality(id, name, city_id) values (626,"Tumkur Road",1);
insert into locality(id, name, city_id) values (627,"Udaypura",1);
insert into locality(id, name, city_id) values (628,"Ullal",1);
insert into locality(id, name, city_id) values (629,"Ullalu Upanagara",1);
insert into locality(id, name, city_id) values (630,"Ulsoor",1);
insert into locality(id, name, city_id) values (631,"Uttarahalli",1);
insert into locality(id, name, city_id) values (632,"Uttarahalli Main Road",1);
insert into locality(id, name, city_id) values (633,"V.v. Mahal",1);
insert into locality(id, name, city_id) values (634,"Vaderahalli",1);
insert into locality(id, name, city_id) values (635,"Vanivilas Road",1);
insert into locality(id, name, city_id) values (636,"Varanasi",1);
insert into locality(id, name, city_id) values (637,"Varthur",1);
insert into locality(id, name, city_id) values (638,"Varthur Road",1);
insert into locality(id, name, city_id) values (639,"Vasanth Nagar",1);
insert into locality(id, name, city_id) values (640,"Vasanthapura",1);
insert into locality(id, name, city_id) values (641,"Venkatapura",1);
insert into locality(id, name, city_id) values (642,"Venkatarangapura",1);
insert into locality(id, name, city_id) values (643,"Venkateshapura",1);
insert into locality(id, name, city_id) values (644,"Venkateshpuram",1);
insert into locality(id, name, city_id) values (645,"Vibhutipura",1);
insert into locality(id, name, city_id) values (646,"Victoria Layout",1);
insert into locality(id, name, city_id) values (647,"Vidhana Soudha",1);
insert into locality(id, name, city_id) values (648,"Vidyamanya Nagar",1);
insert into locality(id, name, city_id) values (649,"Vidyaranyapura",1);
insert into locality(id, name, city_id) values (650,"Vignan Nagar",1);
insert into locality(id, name, city_id) values (651,"Vignana Kendra",1);
insert into locality(id, name, city_id) values (652,"Vijayanagar",1);
insert into locality(id, name, city_id) values (653,"Vijaypura",1);
insert into locality(id, name, city_id) values (654,"Vimanapura",1);
insert into locality(id, name, city_id) values (655,"Virgonagar",1);
insert into locality(id, name, city_id) values (656,"Virupakshapura",1);
insert into locality(id, name, city_id) values (657,"Vishweshwaraiah Layout",1);
insert into locality(id, name, city_id) values (658,"Visthar",1);
insert into locality(id, name, city_id) values (659,"Viswaneedam",1);
insert into locality(id, name, city_id) values (660,"Vittal Mallya Road",1);
insert into locality(id, name, city_id) values (661,"Vittasandra",1);
insert into locality(id, name, city_id) values (662,"Vivek Nagar",1);
insert into locality(id, name, city_id) values (663,"Vyalikaval Extn.",1);
insert into locality(id, name, city_id) values (664,"West Of Chord Road",1);
insert into locality(id, name, city_id) values (665,"Wheeler Road",1);
insert into locality(id, name, city_id) values (666,"Whitefield",1);
insert into locality(id, name, city_id) values (667,"Whitefield Road",1);
insert into locality(id, name, city_id) values (668,"Wilson Garden",1);
insert into locality(id, name, city_id) values (669,"Wind Tunnel Road",1);
insert into locality(id, name, city_id) values (670,"Wipro Limited",1);
insert into locality(id, name, city_id) values (671,"Yadavanahalli",1);
insert into locality(id, name, city_id) values (672,"Yelachenahalli",1);
insert into locality(id, name, city_id) values (673,"Yelahanaka",1);
insert into locality(id, name, city_id) values (674,"Yelahanaka - A. F. Road",1);
insert into locality(id, name, city_id) values (675,"Yelahanka New Town",1);
insert into locality(id, name, city_id) values (676,"Yelenahalli",1);
insert into locality(id, name, city_id) values (677,"Yemalur",1);
insert into locality(id, name, city_id) values (678,"Yeshwanthpura",1);
insert into locality(id, name, city_id) values (679,"Yeswanthpur",1);
------------------------------------------------
insert into city(id, name) values (2,"Chennai");
insert into locality(id, name, city_id) values (680,"2Nd Main Road",2);
insert into locality(id, name, city_id) values (681,"Abhiramapuram",2);
insert into locality(id, name, city_id) values (682,"Adambakkam",2);
insert into locality(id, name, city_id) values (683,"Adyar",2);
insert into locality(id, name, city_id) values (684,"Agaram",2);
insert into locality(id, name, city_id) values (685,"Alandur",2);
insert into locality(id, name, city_id) values (686,"Alathur",2);
insert into locality(id, name, city_id) values (687,"Alwarpet",2);
insert into locality(id, name, city_id) values (688,"Alwarthirunagar",2);
insert into locality(id, name, city_id) values (689,"Ambattur",2);
insert into locality(id, name, city_id) values (690,"Ambattur Industrial Estate",2);
insert into locality(id, name, city_id) values (691,"Aminjikarai",2);
insert into locality(id, name, city_id) values (692,"Anakaputhur",2);
insert into locality(id, name, city_id) values (693,"Anna Nagar",2);
insert into locality(id, name, city_id) values (694,"Anna Nagar East",2);
insert into locality(id, name, city_id) values (695,"Anna Nagar West",2);
insert into locality(id, name, city_id) values (696,"Anna Nagar Western Extn.",2);
insert into locality(id, name, city_id) values (697,"Anna Road H.o",2);
insert into locality(id, name, city_id) values (698,"Anna Salai",2);
insert into locality(id, name, city_id) values (699,"Annanur",2);
insert into locality(id, name, city_id) values (700,"Arakkonam",2);
insert into locality(id, name, city_id) values (701,"Arambakkam",2);
insert into locality(id, name, city_id) values (702,"Aranvoyal",2);
insert into locality(id, name, city_id) values (703,"Ariyalur",2);
insert into locality(id, name, city_id) values (704,"Arumbakkam",2);
insert into locality(id, name, city_id) values (705,"Ashok Nagar",2);
insert into locality(id, name, city_id) values (706,"Attipatttu",2);
insert into locality(id, name, city_id) values (707,"Avadi",2);
insert into locality(id, name, city_id) values (708,"Ayanambakkam",2);
insert into locality(id, name, city_id) values (709,"Ayanavaram",2);
insert into locality(id, name, city_id) values (710,"Ayappakkam",2);
insert into locality(id, name, city_id) values (711,"Balavinayagar Nagar",2);
insert into locality(id, name, city_id) values (712,"Besant Nagar",2);
insert into locality(id, name, city_id) values (713,"Broadway",2);
insert into locality(id, name, city_id) values (714,"Camp Road",2);
insert into locality(id, name, city_id) values (715,"Cathedral Road",2);
insert into locality(id, name, city_id) values (716,"Chembarambakkam",2);
insert into locality(id, name, city_id) values (717,"Chengalpattu",2);
insert into locality(id, name, city_id) values (718,"Chengalpattu - Thiruporur Road",2);
insert into locality(id, name, city_id) values (719,"Chennai G.p.o.",2);
insert into locality(id, name, city_id) values (720,"Chepauk",2);
insert into locality(id, name, city_id) values (721,"Chetpet",2);
insert into locality(id, name, city_id) values (722,"Chettipunyam",2);
insert into locality(id, name, city_id) values (723,"Chintadripet",2);
insert into locality(id, name, city_id) values (724,"Chitlapakkam",2);
insert into locality(id, name, city_id) values (725,"Cholambedu",2);
insert into locality(id, name, city_id) values (726,"Cholavaram",2);
insert into locality(id, name, city_id) values (727,"Choolai",2);
insert into locality(id, name, city_id) values (728,"Choolaimedu",2);
insert into locality(id, name, city_id) values (729,"Chrompet",2);
insert into locality(id, name, city_id) values (730,"CIT Nagar",2);
insert into locality(id, name, city_id) values (731,"CP Ramaswami Rd",2);
insert into locality(id, name, city_id) values (732,"D G Vaishnav College",2);
insert into locality(id, name, city_id) values (733,"Dr.Radhakrishnan Salai",2);
insert into locality(id, name, city_id) values (734,"East Coast Road",2);
insert into locality(id, name, city_id) values (735,"Edapalayam",2);
insert into locality(id, name, city_id) values (736,"Egattur",2);
insert into locality(id, name, city_id) values (737,"Egmore",2);
insert into locality(id, name, city_id) values (738,"Ekkatuthangal",2);
insert into locality(id, name, city_id) values (739,"Elavur",2);
insert into locality(id, name, city_id) values (740,"Ennore",2);
insert into locality(id, name, city_id) values (741,"Erukkancheri",2);
insert into locality(id, name, city_id) values (742,"Ethiraj Salai",2);
insert into locality(id, name, city_id) values (743,"Flower Bazaar",2);
insert into locality(id, name, city_id) values (744,"Flowers Road",2);
insert into locality(id, name, city_id) values (745,"Fort St George",2);
insert into locality(id, name, city_id) values (746,"Fort St.George",2);
insert into locality(id, name, city_id) values (747,"G K M Colony",2);
insert into locality(id, name, city_id) values (748,"Gandhi Irwin Road",2);
insert into locality(id, name, city_id) values (749,"Gandhi Nagar",2);
insert into locality(id, name, city_id) values (750,"George Town",2);
insert into locality(id, name, city_id) values (751,"Gerugambakkam",2);
insert into locality(id, name, city_id) values (752,"Getnamalli",2);
insert into locality(id, name, city_id) values (753,"Gopalapuram",2);
insert into locality(id, name, city_id) values (754,"Govt Stanley Hospital",2);
insert into locality(id, name, city_id) values (755,"Gowrivakkam",2);
insert into locality(id, name, city_id) values (756,"Greams Road",2);
insert into locality(id, name, city_id) values (757,"Gst Road",2);
insert into locality(id, name, city_id) values (758,"Guduvanchery",2);
insert into locality(id, name, city_id) values (759,"Guindy",2);
insert into locality(id, name, city_id) values (760,"Guindy Industrial Estate",2);
insert into locality(id, name, city_id) values (761,"Gummidipundi",2);
insert into locality(id, name, city_id) values (762,"High Court Building",2);
insert into locality(id, name, city_id) values (763,"Hindi Prachar Sabha",2);
insert into locality(id, name, city_id) values (764,"Icfcolony",2);
insert into locality(id, name, city_id) values (765,"Iit Madras",2);
insert into locality(id, name, city_id) values (766,"Indian Institute Of Technology",2);
insert into locality(id, name, city_id) values (767,"Indira Nagar",2);
insert into locality(id, name, city_id) values (768,"Injambakkam",2);
insert into locality(id, name, city_id) values (769,"Irumbuliyur",2);
insert into locality(id, name, city_id) values (770,"Irungattukottai",2);
insert into locality(id, name, city_id) values (771,"Iyyappanthangal",2);
insert into locality(id, name, city_id) values (772,"Jafferkhanpet",2);
insert into locality(id, name, city_id) values (773,"Jamalia",2);
insert into locality(id, name, city_id) values (774,"Jawahar Nagar",2);
insert into locality(id, name, city_id) values (775,"Kadambathur",2);
insert into locality(id, name, city_id) values (776,"Kalaignar Karunanidhi Nagar",2);
insert into locality(id, name, city_id) values (777,"Kalakshetra Colony",2);
insert into locality(id, name, city_id) values (778,"Kalavakkam",2);
insert into locality(id, name, city_id) values (779,"Kalpakkam",2);
insert into locality(id, name, city_id) values (780,"Kandancavadi",2);
insert into locality(id, name, city_id) values (781,"Kandigai",2);
insert into locality(id, name, city_id) values (782,"Karanodai",2);
insert into locality(id, name, city_id) values (783,"Karappakam",2);
insert into locality(id, name, city_id) values (784,"Kasturba Nagar",2);
insert into locality(id, name, city_id) values (785,"Katrambakkam",2);
insert into locality(id, name, city_id) values (786,"Kattankulathur",2);
insert into locality(id, name, city_id) values (787,"Kattupakkam",2);
insert into locality(id, name, city_id) values (788,"Kavaraipettai",2);
insert into locality(id, name, city_id) values (789,"Kazhipattur",2);
insert into locality(id, name, city_id) values (790,"Keelkattalai",2);
insert into locality(id, name, city_id) values (791,"Kelambakkam",2);
insert into locality(id, name, city_id) values (792,"Kil Ayanambakkam",2);
insert into locality(id, name, city_id) values (793,"Kilkattalai",2);
insert into locality(id, name, city_id) values (794,"Kilpauk",2);
insert into locality(id, name, city_id) values (795,"Kk Nagar",2);
insert into locality(id, name, city_id) values (796,"Kodambakkam",2);
insert into locality(id, name, city_id) values (797,"Kodungaiy",2);
insert into locality(id, name, city_id) values (798,"Kodungaiyur",2);
insert into locality(id, name, city_id) values (799,"Kolapakkam",2);
insert into locality(id, name, city_id) values (800,"Kolathur",2);
insert into locality(id, name, city_id) values (801,"Kondavakkam",2);
insert into locality(id, name, city_id) values (802,"Konnur",2);
insert into locality(id, name, city_id) values (803,"Koovathur",2);
insert into locality(id, name, city_id) values (804,"Korattur",2);
insert into locality(id, name, city_id) values (805,"Korukkupet",2);
insert into locality(id, name, city_id) values (806,"Kosappur",2);
insert into locality(id, name, city_id) values (807,"Kottivakkam",2);
insert into locality(id, name, city_id) values (808,"Kotturpuram",2);
insert into locality(id, name, city_id) values (809,"Kovalam",2);
insert into locality(id, name, city_id) values (810,"Kovilambakkam",2);
insert into locality(id, name, city_id) values (811,"Kovilancheri",2);
insert into locality(id, name, city_id) values (812,"Kovur Colony",2);
insert into locality(id, name, city_id) values (813,"Koyambedu",2);
insert into locality(id, name, city_id) values (814,"Kumaran Nagar",2);
insert into locality(id, name, city_id) values (815,"Kumuzhi R.F.",2);
insert into locality(id, name, city_id) values (816,"Kundrathur",2);
insert into locality(id, name, city_id) values (817,"Kundrathur Road",2);
insert into locality(id, name, city_id) values (818,"Kuthambakkam",2);
insert into locality(id, name, city_id) values (819,"Lakshmipuram",2);
insert into locality(id, name, city_id) values (820,"Lloyds Estate",2);
insert into locality(id, name, city_id) values (821,"Loyola College",2);
insert into locality(id, name, city_id) values (822,"Madambakkam",2);
insert into locality(id, name, city_id) values (823,"Madhanandapuram",2);
insert into locality(id, name, city_id) values (824,"Madhavaram",2);
insert into locality(id, name, city_id) values (825,"Madipakkam",2);
insert into locality(id, name, city_id) values (826,"Madras Medical College",2);
insert into locality(id, name, city_id) values (827,"Madras University",2);
insert into locality(id, name, city_id) values (828,"Madura Madanan Kuppam",2);
insert into locality(id, name, city_id) values (829,"Madurapakkam",2);
insert into locality(id, name, city_id) values (830,"Maduravoyal",2);
insert into locality(id, name, city_id) values (831,"Mahabalipuram",2);
insert into locality(id, name, city_id) values (832,"Mahalingapuram",2);
insert into locality(id, name, city_id) values (833,"Mahindra World City",2);
insert into locality(id, name, city_id) values (834,"Mambakkam",2);
insert into locality(id, name, city_id) values (835,"Mambalam",2);
insert into locality(id, name, city_id) values (836,"Manali",2);
insert into locality(id, name, city_id) values (837,"Manali New Town",2);
insert into locality(id, name, city_id) values (838,"Manapakkam",2);
insert into locality(id, name, city_id) values (839,"Mandaveli",2);
insert into locality(id, name, city_id) values (840,"Mandaveli Rd.",2);
insert into locality(id, name, city_id) values (841,"Mangadu",2);
insert into locality(id, name, city_id) values (842,"Manimangalam",2);
insert into locality(id, name, city_id) values (843,"Mannady",2);
insert into locality(id, name, city_id) values (844,"Mannivakkam",2);
insert into locality(id, name, city_id) values (845,"Mannur",2);
insert into locality(id, name, city_id) values (846,"Mappedu",2);
insert into locality(id, name, city_id) values (847,"Maraimalai Nagar",2);
insert into locality(id, name, city_id) values (848,"Medavakkam",2);
insert into locality(id, name, city_id) values (849,"Meenambakkam",2);
insert into locality(id, name, city_id) values (850,"Mettupalayam",2);
insert into locality(id, name, city_id) values (851,"Mevalurkuppam",2);
insert into locality(id, name, city_id) values (852,"Minjur",2);
insert into locality(id, name, city_id) values (853,"Mkb Nagar",2);
insert into locality(id, name, city_id) values (854,"MMDA Colony",2);
insert into locality(id, name, city_id) values (855,"Mogappair",2);
insert into locality(id, name, city_id) values (856,"Mogappair East",2);
insert into locality(id, name, city_id) values (857,"Mogappair West",2);
insert into locality(id, name, city_id) values (858,"Moolakadai",2);
insert into locality(id, name, city_id) values (859,"Morai",2);
insert into locality(id, name, city_id) values (860,"Moulivakkam",2);
insert into locality(id, name, city_id) values (861,"MRC Nagar",2);
insert into locality(id, name, city_id) values (862,"Mudichur",2);
insert into locality(id, name, city_id) values (863,"Mugalivakkam",2);
insert into locality(id, name, city_id) values (864,"Muttukadu",2);
insert into locality(id, name, city_id) values (865,"Mylapore",2);
insert into locality(id, name, city_id) values (866,"Naduveerapattu",2);
insert into locality(id, name, city_id) values (867,"Nallambakkam",2);
insert into locality(id, name, city_id) values (868,"Nambakkam",2);
insert into locality(id, name, city_id) values (869,"Nandambakkam",2);
insert into locality(id, name, city_id) values (870,"Nandanam",2);
insert into locality(id, name, city_id) values (871,"Nanganallur",2);
insert into locality(id, name, city_id) values (872,"Nanmangalam",2);
insert into locality(id, name, city_id) values (873,"Navallur",2);
insert into locality(id, name, city_id) values (874,"Nayapakkam",2);
insert into locality(id, name, city_id) values (875,"Neelankarai",2);
insert into locality(id, name, city_id) values (876,"Nellikuppam",2);
insert into locality(id, name, city_id) values (877,"Nemilichery",2);
insert into locality(id, name, city_id) values (878,"Nenmeli",2);
insert into locality(id, name, city_id) values (879,"Nerkundram",2);
insert into locality(id, name, city_id) values (880,"Nesapakkam",2);
insert into locality(id, name, city_id) values (881,"New Washermanpet",2);
insert into locality(id, name, city_id) values (882,"New Washermenpet",2);
insert into locality(id, name, city_id) values (883,"NH 16",2);
insert into locality(id, name, city_id) values (884,"Nolambur",2);
insert into locality(id, name, city_id) values (885,"Noombal",2);
insert into locality(id, name, city_id) values (886,"Nungambakkam",2);
insert into locality(id, name, city_id) values (887,"Nungambakkam High Road",2);
insert into locality(id, name, city_id) values (888,"Okkiyam Thuraipakkam",2);
insert into locality(id, name, city_id) values (889,"Old Mahabalipuram Road",2);
insert into locality(id, name, city_id) values (890,"Old Pallavaram",2);
insert into locality(id, name, city_id) values (891,"Oragadam",2);
insert into locality(id, name, city_id) values (892,"Ottiyabakkam",2);
insert into locality(id, name, city_id) values (893,"Padappai",2);
insert into locality(id, name, city_id) values (894,"Padi",2);
insert into locality(id, name, city_id) values (895,"Padur",2);
insert into locality(id, name, city_id) values (896,"Pakkam",2);
insert into locality(id, name, city_id) values (897,"Palavakkam",2);
insert into locality(id, name, city_id) values (898,"Pallavaram",2);
insert into locality(id, name, city_id) values (899,"Pallikaranai",2);
insert into locality(id, name, city_id) values (900,"Pammal",2);
insert into locality(id, name, city_id) values (901,"Panaiyur",2);
insert into locality(id, name, city_id) values (902,"Park Town",2);
insert into locality(id, name, city_id) values (903,"Parrys",2);
insert into locality(id, name, city_id) values (904,"Paruthipattu",2);
insert into locality(id, name, city_id) values (905,"Pattabiram",2);
insert into locality(id, name, city_id) values (906,"Pazavanthangal",2);
insert into locality(id, name, city_id) values (907,"Perambakkam",2);
insert into locality(id, name, city_id) values (908,"Perambur",2);
insert into locality(id, name, city_id) values (909,"Perambur Barracks",2);
insert into locality(id, name, city_id) values (910,"Peravallur",2);
insert into locality(id, name, city_id) values (911,"Periapalayam",2);
insert into locality(id, name, city_id) values (912,"Periyamet",2);
insert into locality(id, name, city_id) values (913,"Periyar Nagar",2);
insert into locality(id, name, city_id) values (914,"Perumbakkam",2);
insert into locality(id, name, city_id) values (915,"Perungalathur",2);
insert into locality(id, name, city_id) values (916,"Perungavoor",2);
insert into locality(id, name, city_id) values (917,"Perungudi",2);
insert into locality(id, name, city_id) values (918,"Pollivakkam",2);
insert into locality(id, name, city_id) values (919,"Ponmar",2);
insert into locality(id, name, city_id) values (920,"Ponneri",2);
insert into locality(id, name, city_id) values (921,"Ponniammanmedu",2);
insert into locality(id, name, city_id) values (922,"Poonamallee",2);
insert into locality(id, name, city_id) values (923,"Poonamallee High Road",2);
insert into locality(id, name, city_id) values (924,"Porur",2);
insert into locality(id, name, city_id) values (925,"Potheri",2);
insert into locality(id, name, city_id) values (926,"Pozhichalur",2);
insert into locality(id, name, city_id) values (927,"Pudupakkam",2);
insert into locality(id, name, city_id) values (928,"Pulianthope",2);
insert into locality(id, name, city_id) values (929,"Pulicat",2);
insert into locality(id, name, city_id) values (930,"Puliyanthope",2);
insert into locality(id, name, city_id) values (931,"Purasawakkam",2);
insert into locality(id, name, city_id) values (932,"Purasawalkam",2);
insert into locality(id, name, city_id) values (933,"Puthagaram",2);
insert into locality(id, name, city_id) values (934,"Putlur",2);
insert into locality(id, name, city_id) values (935,"Puzhal",2);
insert into locality(id, name, city_id) values (936,"Puzhuthivakkam",2);
insert into locality(id, name, city_id) values (937,"Raja Annamalaipuram",2);
insert into locality(id, name, city_id) values (938,"Rajaji Bhavan",2);
insert into locality(id, name, city_id) values (939,"Rajakilpakkam",2);
insert into locality(id, name, city_id) values (940,"Rajbhavan",2);
insert into locality(id, name, city_id) values (941,"Ramakrishna Nagar",2);
insert into locality(id, name, city_id) values (942,"Ramapuram",2);
insert into locality(id, name, city_id) values (943,"Rathinamangalam",2);
insert into locality(id, name, city_id) values (944,"Redhills",2);
insert into locality(id, name, city_id) values (945,"Royapettah",2);
insert into locality(id, name, city_id) values (946,"Royappa Nagar",2);
insert into locality(id, name, city_id) values (947,"Royapuram",2);
insert into locality(id, name, city_id) values (948,"Rukmani Lakshmipathi Road",2);
insert into locality(id, name, city_id) values (949,"Rv Nagar",2);
insert into locality(id, name, city_id) values (950,"S. Kolathur",2);
insert into locality(id, name, city_id) values (951,"Saidapet",2);
insert into locality(id, name, city_id) values (952,"Saligramam",2);
insert into locality(id, name, city_id) values (953,"Santhome",2);
insert into locality(id, name, city_id) values (954,"Santhosapuram",2);
insert into locality(id, name, city_id) values (955,"Selaiyur",2);
insert into locality(id, name, city_id) values (956,"Sembakkam",2);
insert into locality(id, name, city_id) values (957,"Semmencherry",2);
insert into locality(id, name, city_id) values (958,"Senneer Kuppam",2);
insert into locality(id, name, city_id) values (959,"Sevvapet",2);
insert into locality(id, name, city_id) values (960,"Shanthi Nagar",2);
insert into locality(id, name, city_id) values (961,"Shastri Bhavan",2);
insert into locality(id, name, city_id) values (962,"Shastri Nagar",2);
insert into locality(id, name, city_id) values (963,"Shenoy Nagar",2);
insert into locality(id, name, city_id) values (964,"Sholinganallur",2);
insert into locality(id, name, city_id) values (965,"Sholinghur",2);
insert into locality(id, name, city_id) values (966,"Sholingnallur",2);
insert into locality(id, name, city_id) values (967,"Singaperumal Koil",2);
insert into locality(id, name, city_id) values (968,"Siruseri",2);
insert into locality(id, name, city_id) values (969,"Sithalapakkam",2);
insert into locality(id, name, city_id) values (970,"Soorakuppam",2);
insert into locality(id, name, city_id) values (971,"Sowcarpet",2);
insert into locality(id, name, city_id) values (972,"Sri Iyappa Nagar",2);
insert into locality(id, name, city_id) values (973,"Sriperumbudur",2);
insert into locality(id, name, city_id) values (974,"St. Thomas Mount",2);
insert into locality(id, name, city_id) values (975,"Surappattu",2);
insert into locality(id, name, city_id) values (976,"Tambaram",2);
insert into locality(id, name, city_id) values (977,"Tambaram East",2);
insert into locality(id, name, city_id) values (978,"Tambaram Sanatorium",2);
insert into locality(id, name, city_id) values (979,"Tambaram West",2);
insert into locality(id, name, city_id) values (980,"Taramani",2);
insert into locality(id, name, city_id) values (981,"Teynampet",2);
insert into locality(id, name, city_id) values (982,"Thalambur",2);
insert into locality(id, name, city_id) values (983,"Thandalam",2);
insert into locality(id, name, city_id) values (984,"Tharamani",2);
insert into locality(id, name, city_id) values (985,"Thatchoor",2);
insert into locality(id, name, city_id) values (986,"Thirumazhisai",2);
insert into locality(id, name, city_id) values (987,"Thirumudivakkam",2);
insert into locality(id, name, city_id) values (988,"Thirumullaivoyal",2);
insert into locality(id, name, city_id) values (989,"Thiruneermalai",2);
insert into locality(id, name, city_id) values (990,"Thiruninravur",2);
insert into locality(id, name, city_id) values (991,"Thirupachur",2);
insert into locality(id, name, city_id) values (992,"Thiruporur",2);
insert into locality(id, name, city_id) values (993,"Thiruthani",2);
insert into locality(id, name, city_id) values (994,"Thiruvallur Road",2);
insert into locality(id, name, city_id) values (995,"Thiruvalluvar Nagar",2);
insert into locality(id, name, city_id) values (996,"Thiruvanmiyur",2);
insert into locality(id, name, city_id) values (997,"Thiruvelangadu",2);
insert into locality(id, name, city_id) values (998,"Thiruverkadu",2);
insert into locality(id, name, city_id) values (999,"Thiruvika Nagar",2);
insert into locality(id, name, city_id) values (1000,"Thiruvottiyur",2);
insert into locality(id, name, city_id) values (1001,"Thoraipakkam",2);
insert into locality(id, name, city_id) values (1002,"Thousand Lights",2);
insert into locality(id, name, city_id) values (1003,"Thyagaraya Nagar",2);
insert into locality(id, name, city_id) values (1004,"Tidel Park",2);
insert into locality(id, name, city_id) values (1005,"Tirusulam",2);
insert into locality(id, name, city_id) values (1006,"Tiruvallikkeni",2);
insert into locality(id, name, city_id) values (1007,"Tiruvallur",2);
insert into locality(id, name, city_id) values (1008,"Tiruvottiyur",2);
insert into locality(id, name, city_id) values (1009,"Tondiarpet",2);
insert into locality(id, name, city_id) values (1010,"Triplicane",2);
insert into locality(id, name, city_id) values (1011,"Urapakkam",2);
insert into locality(id, name, city_id) values (1012,"Urapakkam West",2);
insert into locality(id, name, city_id) values (1013,"Uthandi",2);
insert into locality(id, name, city_id) values (1014,"Vadakkupattu",2);
insert into locality(id, name, city_id) values (1015,"Vadapalani",2);
insert into locality(id, name, city_id) values (1016,"Vadaperumbakkam",2);
insert into locality(id, name, city_id) values (1017,"Valarpuram",2);
insert into locality(id, name, city_id) values (1018,"Valasaravakkam",2);
insert into locality(id, name, city_id) values (1019,"Valasarawakkam",2);
insert into locality(id, name, city_id) values (1020,"Valmiki Nagar",2);
insert into locality(id, name, city_id) values (1021,"Vanagaram",2);
insert into locality(id, name, city_id) values (1022,"Vandalur",2);
insert into locality(id, name, city_id) values (1023,"Vanuvampet",2);
insert into locality(id, name, city_id) values (1024,"Varadharajapuram",2);
insert into locality(id, name, city_id) values (1025,"Velachery",2);
insert into locality(id, name, city_id) values (1026,"Vengadamangalam",2);
insert into locality(id, name, city_id) values (1027,"Vengaivasal",2);
insert into locality(id, name, city_id) values (1028,"Vengambakkam",2);
insert into locality(id, name, city_id) values (1029,"Venkatesapuram",2);
insert into locality(id, name, city_id) values (1030,"Venmanambudur",2);
insert into locality(id, name, city_id) values (1031,"Vepery",2);
insert into locality(id, name, city_id) values (1032,"Veppampattu",2);
insert into locality(id, name, city_id) values (1033,"Vetri Nagar",2);
insert into locality(id, name, city_id) values (1034,"Vichoor",2);
insert into locality(id, name, city_id) values (1035,"Villivakkam",2);
insert into locality(id, name, city_id) values (1036,"Virugambakkam",2);
insert into locality(id, name, city_id) values (1037,"Vivekananda College Madras",2);
insert into locality(id, name, city_id) values (1038,"Vyasar Nagar Colony",2);
insert into locality(id, name, city_id) values (1039,"Vysarpadi",2);
insert into locality(id, name, city_id) values (1040,"Washermanpet",2);
insert into locality(id, name, city_id) values (1041,"West Mambalam",2);
insert into locality(id, name, city_id) values (1042,"Whannels Road",2);
insert into locality(id, name, city_id) values (1043,"World University Centre",2);
------------------------------------------------
insert into city(id, name) values (3,"Delhi");
insert into locality(id, name, city_id) values (1044,"Abul Fazal Enclave",3);
insert into locality(id, name, city_id) values (1045,"Adarsh Nagar",3);
insert into locality(id, name, city_id) values (1046,"Adchini",3);
insert into locality(id, name, city_id) values (1047,"Ahinsa Khand",3);
insert into locality(id, name, city_id) values (1048,"Aiims",3);
insert into locality(id, name, city_id) values (1049,"Ajit Nagar",3);
insert into locality(id, name, city_id) values (1050,"Ajmeri Gate",3);
insert into locality(id, name, city_id) values (1051,"Akbarpur",3);
insert into locality(id, name, city_id) values (1052,"Akshar Dham",3);
insert into locality(id, name, city_id) values (1053,"Akshardham Temple",3);
insert into locality(id, name, city_id) values (1054,"Alaknanda",3);
insert into locality(id, name, city_id) values (1055,"Alipur",3);
insert into locality(id, name, city_id) values (1056,"Amar Colony",3);
insert into locality(id, name, city_id) values (1057,"Anand Lok",3);
insert into locality(id, name, city_id) values (1058,"Anand Niketan",3);
insert into locality(id, name, city_id) values (1059,"Anand Parbat",3);
insert into locality(id, name, city_id) values (1060,"Anand Vihar",3);
insert into locality(id, name, city_id) values (1061,"Andrews Ganj",3);
insert into locality(id, name, city_id) values (1062,"Ankur Vihar",3);
insert into locality(id, name, city_id) values (1063,"Ansari Nagar",3);
insert into locality(id, name, city_id) values (1064,"Aps Colony",3);
insert into locality(id, name, city_id) values (1065,"Aram Bagh",3);
insert into locality(id, name, city_id) values (1066,"Arjan Garh",3);
insert into locality(id, name, city_id) values (1067,"Arjun Nagar",3);
insert into locality(id, name, city_id) values (1068,"Ashok Nagar",3);
insert into locality(id, name, city_id) values (1069,"Ashok Vihar",3);
insert into locality(id, name, city_id) values (1070,"Ashoka Park Extension",3);
insert into locality(id, name, city_id) values (1071,"Ashram",3);
insert into locality(id, name, city_id) values (1072,"Asian Games Village Complex",3);
insert into locality(id, name, city_id) values (1073,"Asmara Lines",3);
insert into locality(id, name, city_id) values (1074,"Asola",3);
insert into locality(id, name, city_id) values (1075,"Aya Nagar",3);
insert into locality(id, name, city_id) values (1076,"Azad Nagar East",3);
insert into locality(id, name, city_id) values (1077,"Azadpur",3);
insert into locality(id, name, city_id) values (1078,"Badarpur",3);
insert into locality(id, name, city_id) values (1079,"Badli",3);
insert into locality(id, name, city_id) values (1080,"Bahadur Shah Zafar Marg",3);
insert into locality(id, name, city_id) values (1081,"Bahadurgarh",3);
insert into locality(id, name, city_id) values (1082,"Bahapur",3);
insert into locality(id, name, city_id) values (1083,"Bakhtawarpur",3);
insert into locality(id, name, city_id) values (1084,"Bakkarwala",3);
insert into locality(id, name, city_id) values (1085,"Balbir Nagar",3);
insert into locality(id, name, city_id) values (1086,"Bali Nagar",3);
insert into locality(id, name, city_id) values (1087,"Bapa Nagar",3);
insert into locality(id, name, city_id) values (1088,"Barakhamba Road",3);
insert into locality(id, name, city_id) values (1089,"Bawana",3);
insert into locality(id, name, city_id) values (1090,"Begumpur",3);
insert into locality(id, name, city_id) values (1091,"Ber Sarai",3);
insert into locality(id, name, city_id) values (1092,"Bhajanpura",3);
insert into locality(id, name, city_id) values (1093,"Bhalswa",3);
insert into locality(id, name, city_id) values (1094,"Bharat Nagar",3);
insert into locality(id, name, city_id) values (1095,"Bhikaji Cama Place",3);
insert into locality(id, name, city_id) values (1096,"Bhogal",3);
insert into locality(id, name, city_id) values (1097,"Bijwasan",3);
insert into locality(id, name, city_id) values (1098,"Bindapur",3);
insert into locality(id, name, city_id) values (1099,"Brahampuri",3);
insert into locality(id, name, city_id) values (1100,"Brar Square",3);
insert into locality(id, name, city_id) values (1101,"Budh Vihar",3);
insert into locality(id, name, city_id) values (1102,"Burari",3);
insert into locality(id, name, city_id) values (1103,"Cc Colony",3);
insert into locality(id, name, city_id) values (1104,"Chanakya Puri",3);
insert into locality(id, name, city_id) values (1105,"Chandni Chowk",3);
insert into locality(id, name, city_id) values (1106,"Chandwaji",3);
insert into locality(id, name, city_id) values (1107,"Chaparpur",3);
insert into locality(id, name, city_id) values (1108,"Chattarpur",3);
insert into locality(id, name, city_id) values (1109,"Chawala Tower",3);
insert into locality(id, name, city_id) values (1110,"Chawri Bazar",3);
insert into locality(id, name, city_id) values (1111,"Chhawla",3);
insert into locality(id, name, city_id) values (1112,"Chirag Dilli",3);
insert into locality(id, name, city_id) values (1113,"Chitranjan Park",3);
insert into locality(id, name, city_id) values (1114,"Chokhandi",3);
insert into locality(id, name, city_id) values (1115,"Civil Lines",3);
insert into locality(id, name, city_id) values (1116,"Connaught Place",3);
insert into locality(id, name, city_id) values (1117,"Dabri",3);
insert into locality(id, name, city_id) values (1118,"Dakshinpuri",3);
insert into locality(id, name, city_id) values (1119,"Darya Ganj",3);
insert into locality(id, name, city_id) values (1120,"Dashrath Puri",3);
insert into locality(id, name, city_id) values (1121,"Daulatpur",3);
insert into locality(id, name, city_id) values (1122,"Daya Basti",3);
insert into locality(id, name, city_id) values (1123,"Dayal Pur",3);
insert into locality(id, name, city_id) values (1124,"Defence Colony",3);
insert into locality(id, name, city_id) values (1125,"Delhi Cantt",3);
insert into locality(id, name, city_id) values (1126,"Delhi University",3);
insert into locality(id, name, city_id) values (1127,"Dera Village",3);
insert into locality(id, name, city_id) values (1128,"Desh Bandhu Gupta Road",3);
insert into locality(id, name, city_id) values (1129,"Devli",3);
insert into locality(id, name, city_id) values (1130,"Dhaula Kuan",3);
insert into locality(id, name, city_id) values (1131,"Dilshad Garden",3);
insert into locality(id, name, city_id) values (1132,"Dr. Ambedkar Nagar",3);
insert into locality(id, name, city_id) values (1133,"Dr. Mukherjee Nagar",3);
insert into locality(id, name, city_id) values (1134,"Dwarka",3);
insert into locality(id, name, city_id) values (1135,"Dwarka Expressway",3);
insert into locality(id, name, city_id) values (1136,"Dwarka Mor",3);
insert into locality(id, name, city_id) values (1137,"Dwarka Sector 11",3);
insert into locality(id, name, city_id) values (1138,"Dwarka Sector 12",3);
insert into locality(id, name, city_id) values (1139,"Dwarka Sector 13",3);
insert into locality(id, name, city_id) values (1140,"Dwarka Sector 14",3);
insert into locality(id, name, city_id) values (1141,"Dwarka Sector 15",3);
insert into locality(id, name, city_id) values (1142,"Dwarka Sector 16",3);
insert into locality(id, name, city_id) values (1143,"Dwarka Sector 16 B",3);
insert into locality(id, name, city_id) values (1144,"Dwarka Sector 17",3);
insert into locality(id, name, city_id) values (1145,"Dwarka Sector 18",3);
insert into locality(id, name, city_id) values (1146,"Dwarka Sector 19B",3);
insert into locality(id, name, city_id) values (1147,"Dwarka Sector 2",3);
insert into locality(id, name, city_id) values (1148,"Dwarka Sector 20",3);
insert into locality(id, name, city_id) values (1149,"Dwarka Sector 21",3);
insert into locality(id, name, city_id) values (1150,"Dwarka Sector 22",3);
insert into locality(id, name, city_id) values (1151,"Dwarka Sector 23",3);
insert into locality(id, name, city_id) values (1152,"Dwarka Sector 26",3);
insert into locality(id, name, city_id) values (1153,"Dwarka Sector 3",3);
insert into locality(id, name, city_id) values (1154,"Dwarka Sector 4",3);
insert into locality(id, name, city_id) values (1155,"Dwarka Sector 5",3);
insert into locality(id, name, city_id) values (1156,"Dwarka Sector 6",3);
insert into locality(id, name, city_id) values (1157,"Dwarka Sector 7",3);
insert into locality(id, name, city_id) values (1158,"Dwarka Sector 8",3);
insert into locality(id, name, city_id) values (1159,"Dwarka Sector 9",3);
insert into locality(id, name, city_id) values (1160,"Dwarka Sector-1",3);
insert into locality(id, name, city_id) values (1161,"Dwarka Sector-10",3);
insert into locality(id, name, city_id) values (1162,"East Of Kailash",3);
insert into locality(id, name, city_id) values (1163,"Fateh Nagar",3);
insert into locality(id, name, city_id) values (1164,"Fatehpur Beri",3);
insert into locality(id, name, city_id) values (1165,"Gagan Vihar",3);
insert into locality(id, name, city_id) values (1166,"Gandhi Nagar",3);
insert into locality(id, name, city_id) values (1167,"Ganeshpura",3);
insert into locality(id, name, city_id) values (1168,"Gautam Nagar",3);
insert into locality(id, name, city_id) values (1169,"Gautam Puri",3);
insert into locality(id, name, city_id) values (1170,"Geeta Colony",3);
insert into locality(id, name, city_id) values (1171,"Geetanjali",3);
insert into locality(id, name, city_id) values (1172,"Ghazipur",3);
insert into locality(id, name, city_id) values (1173,"Ghitorni",3);
insert into locality(id, name, city_id) values (1174,"Ghoga",3);
insert into locality(id, name, city_id) values (1175,"Ghonda Patti",3);
insert into locality(id, name, city_id) values (1176,"Gokal Puri",3);
insert into locality(id, name, city_id) values (1177,"Gokalpur",3);
insert into locality(id, name, city_id) values (1178,"Gole Market",3);
insert into locality(id, name, city_id) values (1179,"Golf Links",3);
insert into locality(id, name, city_id) values (1180,"Gopalpur Village",3);
insert into locality(id, name, city_id) values (1181,"Govind Pura",3);
insert into locality(id, name, city_id) values (1182,"Govindpuri",3);
insert into locality(id, name, city_id) values (1183,"Greater Kailash",3);
insert into locality(id, name, city_id) values (1184,"Greater Kailash I",3);
insert into locality(id, name, city_id) values (1185,"Greater Kailash II",3);
insert into locality(id, name, city_id) values (1186,"Greater Kailash III",3);
insert into locality(id, name, city_id) values (1187,"Green Park",3);
insert into locality(id, name, city_id) values (1188,"Green Park Extension",3);
insert into locality(id, name, city_id) values (1189,"GTB Enclave",3);
insert into locality(id, name, city_id) values (1190,"Gtb Nagar",3);
insert into locality(id, name, city_id) values (1191,"Gujranwala Colony",3);
insert into locality(id, name, city_id) values (1192,"Gujranwala Town",3);
insert into locality(id, name, city_id) values (1193,"Gulabi Bagh",3);
insert into locality(id, name, city_id) values (1194,"Gulmohar Park",3);
insert into locality(id, name, city_id) values (1195,"Halalpur",3);
insert into locality(id, name, city_id) values (1196,"Hamdard Nagar",3);
insert into locality(id, name, city_id) values (1197,"Hari Nagar",3);
insert into locality(id, name, city_id) values (1198,"Harsh Vihar",3);
insert into locality(id, name, city_id) values (1199,"Hastsal",3);
insert into locality(id, name, city_id) values (1200,"Hauz khas",3);
insert into locality(id, name, city_id) values (1201,"Hauz Khas Enclave",3);
insert into locality(id, name, city_id) values (1202,"Hauz Khas Market",3);
insert into locality(id, name, city_id) values (1203,"Hazrat Nizamuddin",3);
insert into locality(id, name, city_id) values (1204,"Himmatpuri",3);
insert into locality(id, name, city_id) values (1205,"INA Colony",3);
insert into locality(id, name, city_id) values (1206,"Inderlok",3);
insert into locality(id, name, city_id) values (1207,"Inderpuri",3);
insert into locality(id, name, city_id) values (1208,"Indira Gandhi International Airport",3);
insert into locality(id, name, city_id) values (1209,"Indira Park",3);
insert into locality(id, name, city_id) values (1210,"Indraprastha",3);
insert into locality(id, name, city_id) values (1211,"IP Estate",3);
insert into locality(id, name, city_id) values (1212,"Ip Extension",3);
insert into locality(id, name, city_id) values (1213,"J.n.u.",3);
insert into locality(id, name, city_id) values (1214,"Jaffrabad",3);
insert into locality(id, name, city_id) values (1215,"Jagatpur",3);
insert into locality(id, name, city_id) values (1216,"Jahangir Puri",3);
insert into locality(id, name, city_id) values (1217,"Jahanpanah City Forest",3);
insert into locality(id, name, city_id) values (1218,"Jaitpur",3);
insert into locality(id, name, city_id) values (1219,"Jal Vihar",3);
insert into locality(id, name, city_id) values (1220,"Jama Masjid",3);
insert into locality(id, name, city_id) values (1221,"Jamia Nagar",3);
insert into locality(id, name, city_id) values (1222,"Janakpuri",3);
insert into locality(id, name, city_id) values (1223,"Jangpura",3);
insert into locality(id, name, city_id) values (1224,"Janpath",3);
insert into locality(id, name, city_id) values (1225,"Jasola",3);
insert into locality(id, name, city_id) values (1226,"Jawahar Nagar",3);
insert into locality(id, name, city_id) values (1227,"Jawala Heri",3);
insert into locality(id, name, city_id) values (1228,"Jeevan Nagar",3);
insert into locality(id, name, city_id) values (1229,"Jhandewalan",3);
insert into locality(id, name, city_id) values (1230,"Jhandewalan Extension",3);
insert into locality(id, name, city_id) values (1231,"Jharoda Kalan",3);
insert into locality(id, name, city_id) values (1232,"Jhilmil",3);
insert into locality(id, name, city_id) values (1233,"Jhilmil C",3);
insert into locality(id, name, city_id) values (1234,"Johripur",3);
insert into locality(id, name, city_id) values (1235,"Jor Bagh",3);
insert into locality(id, name, city_id) values (1236,"Juanapur",3);
insert into locality(id, name, city_id) values (1237,"Jungpura",3);
insert into locality(id, name, city_id) values (1238,"Jwala Puri",3);
insert into locality(id, name, city_id) values (1239,"Kadipur",3);
insert into locality(id, name, city_id) values (1240,"Kailash Colony",3);
insert into locality(id, name, city_id) values (1241,"Kailash Hills",3);
insert into locality(id, name, city_id) values (1242,"Kailash Nagar",3);
insert into locality(id, name, city_id) values (1243,"Kakrola",3);
insert into locality(id, name, city_id) values (1244,"Kalkaji",3);
insert into locality(id, name, city_id) values (1245,"Kalu Sarai",3);
insert into locality(id, name, city_id) values (1246,"Kalyan Puri",3);
insert into locality(id, name, city_id) values (1247,"Kalyan Vihar",3);
insert into locality(id, name, city_id) values (1248,"Kamaruddin Nagar",3);
insert into locality(id, name, city_id) values (1249,"Kamla Nagar",3);
insert into locality(id, name, city_id) values (1250,"Kanjhawala",3);
insert into locality(id, name, city_id) values (1251,"Kapashera",3);
insert into locality(id, name, city_id) values (1252,"Karam Pura",3);
insert into locality(id, name, city_id) values (1253,"Karawal Nagar",3);
insert into locality(id, name, city_id) values (1254,"Karkardooma",3);
insert into locality(id, name, city_id) values (1255,"Karol Bagh",3);
insert into locality(id, name, city_id) values (1256,"Kashmiri Gate",3);
insert into locality(id, name, city_id) values (1257,"Katwaria Sarai",3);
insert into locality(id, name, city_id) values (1258,"Keshav Puram",3);
insert into locality(id, name, city_id) values (1259,"Kesho Pur Depot",3);
insert into locality(id, name, city_id) values (1260,"Khajoori Khas",3);
insert into locality(id, name, city_id) values (1261,"Khan Market",3);
insert into locality(id, name, city_id) values (1262,"Khanpur",3);
insert into locality(id, name, city_id) values (1263,"Khyala",3);
insert into locality(id, name, city_id) values (1264,"Kidwai Nagar",3);
insert into locality(id, name, city_id) values (1265,"Kirari Suleman Nagar",3);
insert into locality(id, name, city_id) values (1266,"Kirti Nagar",3);
insert into locality(id, name, city_id) values (1267,"Kishan Ganj",3);
insert into locality(id, name, city_id) values (1268,"Krishi Bhawan",3);
insert into locality(id, name, city_id) values (1269,"Krishna Market",3);
insert into locality(id, name, city_id) values (1270,"Krishna Nagar",3);
insert into locality(id, name, city_id) values (1271,"Lado Sarai",3);
insert into locality(id, name, city_id) values (1272,"Ladrawan",3);
insert into locality(id, name, city_id) values (1273,"Lajpat Nagar",3);
insert into locality(id, name, city_id) values (1274,"Lakshmi Bai Nagar",3);
insert into locality(id, name, city_id) values (1275,"Lakshmi Nagar",3);
insert into locality(id, name, city_id) values (1276,"Lal Kot",3);
insert into locality(id, name, city_id) values (1277,"Lal Kuan Bazaar",3);
insert into locality(id, name, city_id) values (1278,"Lawrence Road",3);
insert into locality(id, name, city_id) values (1279,"Laxmi Nagar",3);
insert into locality(id, name, city_id) values (1280,"Lodhi Estate",3);
insert into locality(id, name, city_id) values (1281,"Lodhi Colony",3);
insert into locality(id, name, city_id) values (1282,"Loni Road",3);
insert into locality(id, name, city_id) values (1283,"Lutyens Zone",3);
insert into locality(id, name, city_id) values (1284,"Madangir",3);
insert into locality(id, name, city_id) values (1285,"Maharani Bagh",3);
insert into locality(id, name, city_id) values (1286,"Mahavir Enclave",3);
insert into locality(id, name, city_id) values (1287,"Mahipalpur",3);
insert into locality(id, name, city_id) values (1288,"Maidan Garhi",3);
insert into locality(id, name, city_id) values (1289,"Malcha Marg",3);
insert into locality(id, name, city_id) values (1290,"Malka Ganj",3);
insert into locality(id, name, city_id) values (1291,"Malviya Nagar",3);
insert into locality(id, name, city_id) values (1292,"Mandawali",3);
insert into locality(id, name, city_id) values (1293,"Mandi",3);
insert into locality(id, name, city_id) values (1294,"Mandi House",3);
insert into locality(id, name, city_id) values (1295,"Mandoli",3);
insert into locality(id, name, city_id) values (1296,"Manglapuri",3);
insert into locality(id, name, city_id) values (1297,"Mangolpuri",3);
insert into locality(id, name, city_id) values (1298,"Mansarovar Park",3);
insert into locality(id, name, city_id) values (1299,"Mansarover Garden",3);
insert into locality(id, name, city_id) values (1300,"Masjid Moth",3);
insert into locality(id, name, city_id) values (1301,"Matiala",3);
insert into locality(id, name, city_id) values (1302,"Maujpur",3);
insert into locality(id, name, city_id) values (1303,"Mayapuri",3);
insert into locality(id, name, city_id) values (1304,"Mayur Vihar",3);
insert into locality(id, name, city_id) values (1305,"Mayur Vihar 1",3);
insert into locality(id, name, city_id) values (1306,"Mayur Vihar 2",3);
insert into locality(id, name, city_id) values (1307,"Mayur Vihar 3",3);
insert into locality(id, name, city_id) values (1308,"Mayur Vihar Phase 1 Extension",3);
insert into locality(id, name, city_id) values (1309,"Meera Bagh",3);
insert into locality(id, name, city_id) values (1310,"Mehram Nagar",3);
insert into locality(id, name, city_id) values (1311,"Mehrauli",3);
insert into locality(id, name, city_id) values (1312,"Mehrauli Gurgaon Road",3);
insert into locality(id, name, city_id) values (1313,"Minto Road",3);
insert into locality(id, name, city_id) values (1314,"Model Town",3);
insert into locality(id, name, city_id) values (1315,"Mohan Co-operative",3);
insert into locality(id, name, city_id) values (1316,"Molarband",3);
insert into locality(id, name, city_id) values (1317,"Mori Gate",3);
insert into locality(id, name, city_id) values (1318,"Moti Bagh",3);
insert into locality(id, name, city_id) values (1319,"Moti Nagar",3);
insert into locality(id, name, city_id) values (1320,"Motia Khan",3);
insert into locality(id, name, city_id) values (1321,"Mukherjee Nagar",3);
insert into locality(id, name, city_id) values (1322,"Mukundpur",3);
insert into locality(id, name, city_id) values (1323,"Mundka",3);
insert into locality(id, name, city_id) values (1324,"Munirka",3);
insert into locality(id, name, city_id) values (1325,"Mustafabad",3);
insert into locality(id, name, city_id) values (1326,"Najafgarh",3);
insert into locality(id, name, city_id) values (1327,"Nanak Pura",3);
insert into locality(id, name, city_id) values (1328,"Nand Nagri",3);
insert into locality(id, name, city_id) values (1329,"Nangal Raya",3);
insert into locality(id, name, city_id) values (1330,"Nangloi",3);
insert into locality(id, name, city_id) values (1331,"Naraina",3);
insert into locality(id, name, city_id) values (1332,"Naraina Village",3);
insert into locality(id, name, city_id) values (1333,"Narela",3);
insert into locality(id, name, city_id) values (1334,"National Stadium",3);
insert into locality(id, name, city_id) values (1335,"Nauroji Nagar",3);
insert into locality(id, name, city_id) values (1336,"Navjeevan Vihar",3);
insert into locality(id, name, city_id) values (1337,"Nawab Ganj",3);
insert into locality(id, name, city_id) values (1338,"Nawada",3);
insert into locality(id, name, city_id) values (1339,"Naya Bans",3);
insert into locality(id, name, city_id) values (1340,"Neb Sarai",3);
insert into locality(id, name, city_id) values (1341,"Neeti Bagh",3);
insert into locality(id, name, city_id) values (1342,"Nehru Nagar",3);
insert into locality(id, name, city_id) values (1343,"Nehru Place",3);
insert into locality(id, name, city_id) values (1344,"Netaji Nagar",3);
insert into locality(id, name, city_id) values (1345,"Netaji Subhash Place",3);
insert into locality(id, name, city_id) values (1346,"New Ashok Nagar",3);
insert into locality(id, name, city_id) values (1347,"New Friends Colony",3);
insert into locality(id, name, city_id) values (1348,"New Gupta Colony",3);
insert into locality(id, name, city_id) values (1349,"New Moti Bagh",3);
insert into locality(id, name, city_id) values (1350,"New Rajendra Nagar",3);
insert into locality(id, name, city_id) values (1351,"New Seemapuri",3);
insert into locality(id, name, city_id) values (1352,"New Usmanpur",3);
insert into locality(id, name, city_id) values (1353,"Nicholson Lines",3);
insert into locality(id, name, city_id) values (1354,"Nilothi",3);
insert into locality(id, name, city_id) values (1355,"Nirankari Colony",3);
insert into locality(id, name, city_id) values (1356,"Nirman Vihar",3);
insert into locality(id, name, city_id) values (1357,"Nizampur",3);
insert into locality(id, name, city_id) values (1358,"North Delhi",3);
insert into locality(id, name, city_id) values (1359,"Okhla",3);
insert into locality(id, name, city_id) values (1360,"Okhla Industrial Area",3);
insert into locality(id, name, city_id) values (1361,"Old Rajendra Nagar",3);
insert into locality(id, name, city_id) values (1362,"Old Seemapuri",3);
insert into locality(id, name, city_id) values (1363,"Pahar Ganj",3);
insert into locality(id, name, city_id) values (1364,"Pahari Dhiraj",3);
insert into locality(id, name, city_id) values (1365,"Palam Colony",3);
insert into locality(id, name, city_id) values (1366,"Palam Extn",3);
insert into locality(id, name, city_id) values (1367,"Palam Vihar",3);
insert into locality(id, name, city_id) values (1368,"Palam Village",3);
insert into locality(id, name, city_id) values (1369,"Panchsheel",3);
insert into locality(id, name, city_id) values (1370,"Panchsheel Enclave",3);
insert into locality(id, name, city_id) values (1371,"Panchsheel Park",3);
insert into locality(id, name, city_id) values (1372,"Pandara Road",3);
insert into locality(id, name, city_id) values (1373,"Pandav Nagar",3);
insert into locality(id, name, city_id) values (1374,"Paryavaran Complex",3);
insert into locality(id, name, city_id) values (1375,"Paschim Vihar",3);
insert into locality(id, name, city_id) values (1376,"Patel Nagar",3);
insert into locality(id, name, city_id) values (1377,"Patparganj",3);
insert into locality(id, name, city_id) values (1378,"Pehlad Pur",3);
insert into locality(id, name, city_id) values (1379,"Pira Garhi",3);
insert into locality(id, name, city_id) values (1380,"Pitampura",3);
insert into locality(id, name, city_id) values (1381,"Pragati Maidan",3);
insert into locality(id, name, city_id) values (1382,"Pragati Vihar",3);
insert into locality(id, name, city_id) values (1383,"Prashant Vihar",3);
insert into locality(id, name, city_id) values (1384,"Pratap Market",3);
insert into locality(id, name, city_id) values (1385,"Preet Vihar",3);
insert into locality(id, name, city_id) values (1386,"Pul Pahladpur",3);
insert into locality(id, name, city_id) values (1387,"Punjabi Baug",3);
insert into locality(id, name, city_id) values (1388,"Pusa",3);
insert into locality(id, name, city_id) values (1389,"Pushp Vihar",3);
insert into locality(id, name, city_id) values (1390,"Pushpanjali Farms",3);
insert into locality(id, name, city_id) values (1391,"Puth Khurd",3);
insert into locality(id, name, city_id) values (1392,"Qutab Institutional Area",3);
insert into locality(id, name, city_id) values (1393,"Qutub Vihar",3);
insert into locality(id, name, city_id) values (1394,"R.K Puram",3);
insert into locality(id, name, city_id) values (1395,"Raj Ghat",3);
insert into locality(id, name, city_id) values (1396,"Raja Garden",3);
insert into locality(id, name, city_id) values (1397,"Rajendra Nagar",3);
insert into locality(id, name, city_id) values (1398,"Rajinder Nagar",3);
insert into locality(id, name, city_id) values (1399,"Rajokri",3);
insert into locality(id, name, city_id) values (1400,"Rajouri Garden",3);
insert into locality(id, name, city_id) values (1401,"Ramesh Nagar",3);
insert into locality(id, name, city_id) values (1402,"Ramnagar",3);
insert into locality(id, name, city_id) values (1403,"Rampura",3);
insert into locality(id, name, city_id) values (1404,"Rana Pratap Bagh",3);
insert into locality(id, name, city_id) values (1405,"Ranaji Enclave",3);
insert into locality(id, name, city_id) values (1406,"Rangpuri",3);
insert into locality(id, name, city_id) values (1407,"Rani Bagh",3);
insert into locality(id, name, city_id) values (1408,"Rashtrapati Bhavan",3);
insert into locality(id, name, city_id) values (1409,"Razapur Khurd",3);
insert into locality(id, name, city_id) values (1410,"Rithala",3);
insert into locality(id, name, city_id) values (1411,"Rohini",3);
insert into locality(id, name, city_id) values (1412,"Rohini Extension",3);
insert into locality(id, name, city_id) values (1413,"Rohini Sector 10",3);
insert into locality(id, name, city_id) values (1414,"Rohini Sector 11",3);
insert into locality(id, name, city_id) values (1415,"Rohini Sector 13",3);
insert into locality(id, name, city_id) values (1416,"Rohini Sector 14",3);
insert into locality(id, name, city_id) values (1417,"Rohini Sector 15",3);
insert into locality(id, name, city_id) values (1418,"Rohini Sector 16",3);
insert into locality(id, name, city_id) values (1419,"Rohini Sector 17",3);
insert into locality(id, name, city_id) values (1420,"Rohini Sector 18",3);
insert into locality(id, name, city_id) values (1421,"Rohini Sector 19",3);
insert into locality(id, name, city_id) values (1422,"Rohini Sector 2",3);
insert into locality(id, name, city_id) values (1423,"Rohini Sector 20",3);
insert into locality(id, name, city_id) values (1424,"Rohini Sector 21",3);
insert into locality(id, name, city_id) values (1425,"Rohini Sector 22",3);
insert into locality(id, name, city_id) values (1426,"Rohini Sector 23",3);
insert into locality(id, name, city_id) values (1427,"Rohini Sector 24",3);
insert into locality(id, name, city_id) values (1428,"Rohini Sector 25",3);
insert into locality(id, name, city_id) values (1429,"Rohini Sector 28",3);
insert into locality(id, name, city_id) values (1430,"Rohini Sector 3",3);
insert into locality(id, name, city_id) values (1431,"Rohini Sector 4",3);
insert into locality(id, name, city_id) values (1432,"Rohini Sector 7",3);
insert into locality(id, name, city_id) values (1433,"Rohini Sector 8",3);
insert into locality(id, name, city_id) values (1434,"Rohini Sector 9",3);
insert into locality(id, name, city_id) values (1435,"Rohtash Nagar",3);
insert into locality(id, name, city_id) values (1436,"Roop Nagar",3);
insert into locality(id, name, city_id) values (1437,"Roshanara Road",3);
insert into locality(id, name, city_id) values (1438,"Saboli",3);
insert into locality(id, name, city_id) values (1439,"Sabzi Mandi",3);
insert into locality(id, name, city_id) values (1440,"Sadar Bazaar",3);
insert into locality(id, name, city_id) values (1441,"Sadiq Nagar",3);
insert into locality(id, name, city_id) values (1442,"Safdarjang Enclave",3);
insert into locality(id, name, city_id) values (1443,"Safdarjung Development Area",3);
insert into locality(id, name, city_id) values (1444,"Safdarjung Enclave",3);
insert into locality(id, name, city_id) values (1445,"Sagar Pur",3);
insert into locality(id, name, city_id) values (1446,"Sahpurjat",3);
insert into locality(id, name, city_id) values (1447,"Sainik Farm",3);
insert into locality(id, name, city_id) values (1448,"Saket",3);
insert into locality(id, name, city_id) values (1449,"Samalkha",3);
insert into locality(id, name, city_id) values (1450,"Samay Pur",3);
insert into locality(id, name, city_id) values (1451,"Sangam Vihar",3);
insert into locality(id, name, city_id) values (1452,"Sanjay Gandhi Transport Nagar",3);
insert into locality(id, name, city_id) values (1453,"Sansad Marg",3);
insert into locality(id, name, city_id) values (1454,"Sant Nagar",3);
insert into locality(id, name, city_id) values (1455,"Sarai Kale Khan",3);
insert into locality(id, name, city_id) values (1456,"Sarai Rohilla",3);
insert into locality(id, name, city_id) values (1457,"Saraswati Vihar",3);
insert into locality(id, name, city_id) values (1458,"Sarita Vihar",3);
insert into locality(id, name, city_id) values (1459,"Sarojini Nagar",3);
insert into locality(id, name, city_id) values (1460,"Sarvodya Enclave",3);
insert into locality(id, name, city_id) values (1461,"Satbari",3);
insert into locality(id, name, city_id) values (1462,"Savitri Nagar",3);
insert into locality(id, name, city_id) values (1463,"Sector 19",3);
insert into locality(id, name, city_id) values (1464,"Seelampur",3);
insert into locality(id, name, city_id) values (1465,"Sewa Nagar",3);
insert into locality(id, name, city_id) values (1466,"Shadipur",3);
insert into locality(id, name, city_id) values (1467,"Shahdara",3);
insert into locality(id, name, city_id) values (1468,"Shakarpur",3);
insert into locality(id, name, city_id) values (1469,"Shakti Nagar",3);
insert into locality(id, name, city_id) values (1470,"Shakur Basti Depot",3);
insert into locality(id, name, city_id) values (1471,"Shalimar Bagh",3);
insert into locality(id, name, city_id) values (1472,"Shankar Vihar",3);
insert into locality(id, name, city_id) values (1473,"Shanti Niketan",3);
insert into locality(id, name, city_id) values (1474,"Shastri Nagar",3);
insert into locality(id, name, city_id) values (1475,"Sheikh Sarai",3);
insert into locality(id, name, city_id) values (1476,"Shivaji Park",3);
insert into locality(id, name, city_id) values (1477,"Shivalik",3);
insert into locality(id, name, city_id) values (1478,"Shri Niwas Puri",3);
insert into locality(id, name, city_id) values (1479,"Shyam Enclave",3);
insert into locality(id, name, city_id) values (1480,"Siraspur",3);
insert into locality(id, name, city_id) values (1481,"Siri Fort",3);
insert into locality(id, name, city_id) values (1482,"Sohti",3);
insert into locality(id, name, city_id) values (1483,"Sonia Vihar",3);
insert into locality(id, name, city_id) values (1484,"South Campus",3);
insert into locality(id, name, city_id) values (1485,"South Exte",3);
insert into locality(id, name, city_id) values (1486,"South Extension",3);
insert into locality(id, name, city_id) values (1487,"South Extension Part 1",3);
insert into locality(id, name, city_id) values (1488,"South Extension Part 2",3);
insert into locality(id, name, city_id) values (1489,"Southern Ridge Forest",3);
insert into locality(id, name, city_id) values (1490,"Subhash Nagar",3);
insert into locality(id, name, city_id) values (1491,"Subroto Park",3);
insert into locality(id, name, city_id) values (1492,"Subzi Mandi",3);
insert into locality(id, name, city_id) values (1493,"Sukhdev Vihar",3);
insert into locality(id, name, city_id) values (1494,"Sultanpur",3);
insert into locality(id, name, city_id) values (1495,"Sultanpuri",3);
insert into locality(id, name, city_id) values (1496,"Sunder Nagari",3);
insert into locality(id, name, city_id) values (1497,"Sunder Vihar",3);
insert into locality(id, name, city_id) values (1498,"Sunlight Colony",3);
insert into locality(id, name, city_id) values (1499,"Surajmal Vihar",3);
insert into locality(id, name, city_id) values (1500,"Tagore Garden",3);
insert into locality(id, name, city_id) values (1501,"Tehkhand",3);
insert into locality(id, name, city_id) values (1502,"Teliwara",3);
insert into locality(id, name, city_id) values (1503,"Tihar Village",3);
insert into locality(id, name, city_id) values (1504,"Tilak Nagar",3);
insert into locality(id, name, city_id) values (1505,"Tilangpur Kotla",3);
insert into locality(id, name, city_id) values (1506,"Timarpur",3);
insert into locality(id, name, city_id) values (1507,"Tis Hazari",3);
insert into locality(id, name, city_id) values (1508,"Tri Nagar",3);
insert into locality(id, name, city_id) values (1509,"Trilok Puri",3);
insert into locality(id, name, city_id) values (1510,"Tughlakabad",3);
insert into locality(id, name, city_id) values (1511,"Uday Park",3);
insert into locality(id, name, city_id) values (1512,"Udyog Bhawan",3);
insert into locality(id, name, city_id) values (1513,"University Enclave",3);
insert into locality(id, name, city_id) values (1514,"Uttam Nagar",3);
insert into locality(id, name, city_id) values (1515,"Vaishali",3);
insert into locality(id, name, city_id) values (1516,"Vasant Kunj",3);
insert into locality(id, name, city_id) values (1517,"Vasant Vihar",3);
insert into locality(id, name, city_id) values (1518,"Vasundhara Enclave",3);
insert into locality(id, name, city_id) values (1519,"Vasundhra Enclave",3);
insert into locality(id, name, city_id) values (1520,"Vayusenabad",3);
insert into locality(id, name, city_id) values (1521,"Vijay Nagar",3);
insert into locality(id, name, city_id) values (1522,"Vikas Puri",3);
insert into locality(id, name, city_id) values (1523,"Vikram Nagar",3);
insert into locality(id, name, city_id) values (1524,"Village Mandoli",3);
insert into locality(id, name, city_id) values (1525,"Vinod Nagar",3);
insert into locality(id, name, city_id) values (1526,"Vishnu Garden",3);
insert into locality(id, name, city_id) values (1527,"Vishwas Nagar",3);
insert into locality(id, name, city_id) values (1528,"Vivek Vihar",3);
insert into locality(id, name, city_id) values (1529,"Wazir Pur",3);
insert into locality(id, name, city_id) values (1530,"Wazirabad Village",3);
insert into locality(id, name, city_id) values (1531,"West Enclave",3);
insert into locality(id, name, city_id) values (1532,"Yamuna Vihar",3);
insert into locality(id, name, city_id) values (1533,"Yojna Vihar",3);
insert into locality(id, name, city_id) values (1534,"Yusuf Sarai",3);
insert into locality(id, name, city_id) values (1535,"Zakir Nagar",3);
insert into locality(id, name, city_id) values (1536,"Zone L",3);
insert into locality(id, name, city_id) values (1537,"Zone L Phase 2",3);
------------------------------------------------
insert into city(id, name) values (4,"Gurgaon");
insert into locality(id, name, city_id) values (1538,"Alawardi Sarai",4);
insert into locality(id, name, city_id) values (1539,"Arjun Nagar",4);
insert into locality(id, name, city_id) values (1540,"Ashok Vihar",4);
insert into locality(id, name, city_id) values (1541,"Ashok Vihar Phase Ii",4);
insert into locality(id, name, city_id) values (1542,"Ashok Vihar Phase Iii",4);
insert into locality(id, name, city_id) values (1543,"Babupur Village",4);
insert into locality(id, name, city_id) values (1544,"Bajghera",4);
insert into locality(id, name, city_id) values (1545,"Baliawas",4);
insert into locality(id, name, city_id) values (1546,"Bandhwari",4);
insert into locality(id, name, city_id) values (1547,"Basai",4);
insert into locality(id, name, city_id) values (1548,"Bhim Nagar",4);
insert into locality(id, name, city_id) values (1549,"Bijwasan",4);
insert into locality(id, name, city_id) values (1550,"Budhera",4);
insert into locality(id, name, city_id) values (1551,"Carterpuri",4);
insert into locality(id, name, city_id) values (1552,"Central Park 2",4);
insert into locality(id, name, city_id) values (1553,"Chakkarpur",4);
insert into locality(id, name, city_id) values (1554,"Chandu",4);
insert into locality(id, name, city_id) values (1555,"Choma",4);
insert into locality(id, name, city_id) values (1556,"Civil Lines",4);
insert into locality(id, name, city_id) values (1557,"Daulatabad",4);
insert into locality(id, name, city_id) values (1558,"Dhankot",4);
insert into locality(id, name, city_id) values (1559,"DLF Phase 1",4);
insert into locality(id, name, city_id) values (1560,"DLF Phase 2",4);
insert into locality(id, name, city_id) values (1561,"DLF Phase 3",4);
insert into locality(id, name, city_id) values (1562,"DLF Phase 4",4);
insert into locality(id, name, city_id) values (1563,"DLF Phase 5",4);
insert into locality(id, name, city_id) values (1564,"DLF Qutub Enclave",4);
insert into locality(id, name, city_id) values (1565,"Dwarka Expressway",4);
insert into locality(id, name, city_id) values (1566,"Fazalwas",4);
insert into locality(id, name, city_id) values (1567,"Garden Estate",4);
insert into locality(id, name, city_id) values (1568,"Garhi Harsaru",4);
insert into locality(id, name, city_id) values (1569,"Ghata",4);
insert into locality(id, name, city_id) values (1570,"Ghosi",4);
insert into locality(id, name, city_id) values (1571,"Golf Course Extension Road",4);
insert into locality(id, name, city_id) values (1572,"Golf Course Extn",4);
insert into locality(id, name, city_id) values (1573,"Golf Course Road",4);
insert into locality(id, name, city_id) values (1574,"Gopalpur",4);
insert into locality(id, name, city_id) values (1575,"Gurgaon-Faridabad Road",4);
insert into locality(id, name, city_id) values (1576,"Gwal Pahari",4);
insert into locality(id, name, city_id) values (1577,"Haiderpur",4);
insert into locality(id, name, city_id) values (1578,"Hamirpur",4);
insert into locality(id, name, city_id) values (1579,"Hasanpur",4);
insert into locality(id, name, city_id) values (1580,"IFFCO Chowk",4);
insert into locality(id, name, city_id) values (1581,"Jharsa",4);
insert into locality(id, name, city_id) values (1582,"Jhund Sarai Viran",4);
insert into locality(id, name, city_id) values (1583,"Kaliawas",4);
insert into locality(id, name, city_id) values (1584,"Kanahi",4);
insert into locality(id, name, city_id) values (1585,"Kasan",4);
insert into locality(id, name, city_id) values (1586,"Khandsa",4);
insert into locality(id, name, city_id) values (1587,"Khandsa Road",4);
insert into locality(id, name, city_id) values (1588,"Kherki Daula",4);
insert into locality(id, name, city_id) values (1589,"Kherki Majra",4);
insert into locality(id, name, city_id) values (1590,"Khoh",4);
insert into locality(id, name, city_id) values (1591,"Kukrola",4);
insert into locality(id, name, city_id) values (1592,"Lakhnaula",4);
insert into locality(id, name, city_id) values (1593,"Malibu Town",4);
insert into locality(id, name, city_id) values (1594,"Manesar",4);
insert into locality(id, name, city_id) values (1595,"Maruti Udyog",4);
insert into locality(id, name, city_id) values (1596,"Meoka",4);
insert into locality(id, name, city_id) values (1597,"Mg Road",4);
insert into locality(id, name, city_id) values (1598,"Nankheri",4);
insert into locality(id, name, city_id) values (1599,"Narsinghpur",4);
insert into locality(id, name, city_id) values (1600,"Nathupur",4);
insert into locality(id, name, city_id) values (1601,"New Colony",4);
insert into locality(id, name, city_id) values (1602,"New Gurgaon",4);
insert into locality(id, name, city_id) values (1603,"NH 8",4);
insert into locality(id, name, city_id) values (1604,"Nurpur Jharsa",4);
insert into locality(id, name, city_id) values (1605,"Om Nagar",4);
insert into locality(id, name, city_id) values (1606,"Palam Vihar",4);
insert into locality(id, name, city_id) values (1607,"Palam Vihar Extension",4);
insert into locality(id, name, city_id) values (1608,"Palda Dhaani",4);
insert into locality(id, name, city_id) values (1609,"Pataudi",4);
insert into locality(id, name, city_id) values (1610,"Railway Road",4);
insert into locality(id, name, city_id) values (1611,"Richmond Park",4);
insert into locality(id, name, city_id) values (1612,"Sadhrana",4);
insert into locality(id, name, city_id) values (1613,"Salapur Khera Village",4);
insert into locality(id, name, city_id) values (1614,"Sarhaul",4);
insert into locality(id, name, city_id) values (1615,"Sarhol",4);
insert into locality(id, name, city_id) values (1616,"Sec 88 B",4);
insert into locality(id, name, city_id) values (1617,"Sec 90",4);
insert into locality(id, name, city_id) values (1618,"Sector 1",4);
insert into locality(id, name, city_id) values (1619,"Sector 10",4);
insert into locality(id, name, city_id) values (1620,"Sector 100",4);
insert into locality(id, name, city_id) values (1621,"Sector 101",4);
insert into locality(id, name, city_id) values (1622,"Sector 102",4);
insert into locality(id, name, city_id) values (1623,"Sector 103",4);
insert into locality(id, name, city_id) values (1624,"Sector 104",4);
insert into locality(id, name, city_id) values (1625,"Sector 105",4);
insert into locality(id, name, city_id) values (1626,"Sector 106",4);
insert into locality(id, name, city_id) values (1627,"Sector 107",4);
insert into locality(id, name, city_id) values (1628,"Sector 108",4);
insert into locality(id, name, city_id) values (1629,"Sector 109",4);
insert into locality(id, name, city_id) values (1630,"Sector 10a",4);
insert into locality(id, name, city_id) values (1631,"Sector 11",4);
insert into locality(id, name, city_id) values (1632,"Sector 110",4);
insert into locality(id, name, city_id) values (1633,"Sector 110a",4);
insert into locality(id, name, city_id) values (1634,"Sector 111",4);
insert into locality(id, name, city_id) values (1635,"Sector 112",4);
insert into locality(id, name, city_id) values (1636,"Sector 113",4);
insert into locality(id, name, city_id) values (1637,"Sector 114",4);
insert into locality(id, name, city_id) values (1638,"Sector 115",4);
insert into locality(id, name, city_id) values (1639,"Sector 12",4);
insert into locality(id, name, city_id) values (1640,"Sector 13",4);
insert into locality(id, name, city_id) values (1641,"Sector 14",4);
insert into locality(id, name, city_id) values (1642,"Sector 15",4);
insert into locality(id, name, city_id) values (1643,"Sector 16",4);
insert into locality(id, name, city_id) values (1644,"Sector 17",4);
insert into locality(id, name, city_id) values (1645,"Sector 18",4);
insert into locality(id, name, city_id) values (1646,"Sector 19",4);
insert into locality(id, name, city_id) values (1647,"Sector 2",4);
insert into locality(id, name, city_id) values (1648,"Sector 20",4);
insert into locality(id, name, city_id) values (1649,"Sector 21",4);
insert into locality(id, name, city_id) values (1650,"Sector 22",4);
insert into locality(id, name, city_id) values (1651,"Sector 23",4);
insert into locality(id, name, city_id) values (1652,"Sector 23A",4);
insert into locality(id, name, city_id) values (1653,"Sector 24",4);
insert into locality(id, name, city_id) values (1654,"Sector 25",4);
insert into locality(id, name, city_id) values (1655,"Sector 26",4);
insert into locality(id, name, city_id) values (1656,"Sector 26a",4);
insert into locality(id, name, city_id) values (1657,"Sector 27",4);
insert into locality(id, name, city_id) values (1658,"Sector 28",4);
insert into locality(id, name, city_id) values (1659,"Sector 29",4);
insert into locality(id, name, city_id) values (1660,"Sector 3",4);
insert into locality(id, name, city_id) values (1661,"Sector 30",4);
insert into locality(id, name, city_id) values (1662,"Sector 31",4);
insert into locality(id, name, city_id) values (1663,"Sector 32",4);
insert into locality(id, name, city_id) values (1664,"Sector 33",4);
insert into locality(id, name, city_id) values (1665,"Sector 34",4);
insert into locality(id, name, city_id) values (1666,"Sector 35",4);
insert into locality(id, name, city_id) values (1667,"Sector 36",4);
insert into locality(id, name, city_id) values (1668,"Sector 36a",4);
insert into locality(id, name, city_id) values (1669,"Sector 36b",4);
insert into locality(id, name, city_id) values (1670,"Sector 37",4);
insert into locality(id, name, city_id) values (1671,"Sector 37A",4);
insert into locality(id, name, city_id) values (1672,"Sector 37b",4);
insert into locality(id, name, city_id) values (1673,"Sector 37c",4);
insert into locality(id, name, city_id) values (1674,"Sector 37d",4);
insert into locality(id, name, city_id) values (1675,"Sector 38",4);
insert into locality(id, name, city_id) values (1676,"Sector 39",4);
insert into locality(id, name, city_id) values (1677,"Sector 3a",4);
insert into locality(id, name, city_id) values (1678,"Sector 4",4);
insert into locality(id, name, city_id) values (1679,"Sector 40",4);
insert into locality(id, name, city_id) values (1680,"Sector 41",4);
insert into locality(id, name, city_id) values (1681,"Sector 42",4);
insert into locality(id, name, city_id) values (1682,"Sector 43",4);
insert into locality(id, name, city_id) values (1683,"Sector 44",4);
insert into locality(id, name, city_id) values (1684,"Sector 45",4);
insert into locality(id, name, city_id) values (1685,"Sector 46",4);
insert into locality(id, name, city_id) values (1686,"Sector 47",4);
insert into locality(id, name, city_id) values (1687,"Sector 48",4);
insert into locality(id, name, city_id) values (1688,"Sector 49",4);
insert into locality(id, name, city_id) values (1689,"Sector 5",4);
insert into locality(id, name, city_id) values (1690,"Sector 50",4);
insert into locality(id, name, city_id) values (1691,"Sector 51",4);
insert into locality(id, name, city_id) values (1692,"Sector 52",4);
insert into locality(id, name, city_id) values (1693,"Sector 52a",4);
insert into locality(id, name, city_id) values (1694,"Sector 53",4);
insert into locality(id, name, city_id) values (1695,"Sector 54",4);
insert into locality(id, name, city_id) values (1696,"Sector 55",4);
insert into locality(id, name, city_id) values (1697,"Sector 56",4);
insert into locality(id, name, city_id) values (1698,"Sector 57",4);
insert into locality(id, name, city_id) values (1699,"Sector 58",4);
insert into locality(id, name, city_id) values (1700,"Sector 59",4);
insert into locality(id, name, city_id) values (1701,"Sector 6",4);
insert into locality(id, name, city_id) values (1702,"Sector 60",4);
insert into locality(id, name, city_id) values (1703,"Sector 61",4);
insert into locality(id, name, city_id) values (1704,"Sector 62",4);
insert into locality(id, name, city_id) values (1705,"Sector 63",4);
insert into locality(id, name, city_id) values (1706,"Sector 63A",4);
insert into locality(id, name, city_id) values (1707,"Sector 64",4);
insert into locality(id, name, city_id) values (1708,"Sector 65",4);
insert into locality(id, name, city_id) values (1709,"Sector 66",4);
insert into locality(id, name, city_id) values (1710,"Sector 67",4);
insert into locality(id, name, city_id) values (1711,"Sector 68",4);
insert into locality(id, name, city_id) values (1712,"Sector 69",4);
insert into locality(id, name, city_id) values (1713,"Sector 7",4);
insert into locality(id, name, city_id) values (1714,"Sector 70",4);
insert into locality(id, name, city_id) values (1715,"Sector 70a",4);
insert into locality(id, name, city_id) values (1716,"Sector 71",4);
insert into locality(id, name, city_id) values (1717,"Sector 72",4);
insert into locality(id, name, city_id) values (1718,"Sector 73",4);
insert into locality(id, name, city_id) values (1719,"Sector 74",4);
insert into locality(id, name, city_id) values (1720,"Sector 74a",4);
insert into locality(id, name, city_id) values (1721,"Sector 75",4);
insert into locality(id, name, city_id) values (1722,"Sector 75a",4);
insert into locality(id, name, city_id) values (1723,"Sector 76",4);
insert into locality(id, name, city_id) values (1724,"Sector 77",4);
insert into locality(id, name, city_id) values (1725,"Sector 78",4);
insert into locality(id, name, city_id) values (1726,"Sector 79",4);
insert into locality(id, name, city_id) values (1727,"Sector 8",4);
insert into locality(id, name, city_id) values (1728,"Sector 80",4);
insert into locality(id, name, city_id) values (1729,"Sector 81",4);
insert into locality(id, name, city_id) values (1730,"Sector 81A",4);
insert into locality(id, name, city_id) values (1731,"Sector 82",4);
insert into locality(id, name, city_id) values (1732,"Sector 82a",4);
insert into locality(id, name, city_id) values (1733,"Sector 83",4);
insert into locality(id, name, city_id) values (1734,"Sector 84",4);
insert into locality(id, name, city_id) values (1735,"Sector 85",4);
insert into locality(id, name, city_id) values (1736,"Sector 86",4);
insert into locality(id, name, city_id) values (1737,"Sector 87",4);
insert into locality(id, name, city_id) values (1738,"Sector 88",4);
insert into locality(id, name, city_id) values (1739,"Sector 88a",4);
insert into locality(id, name, city_id) values (1740,"Sector 88b",4);
insert into locality(id, name, city_id) values (1741,"Sector 89",4);
insert into locality(id, name, city_id) values (1742,"Sector 89a",4);
insert into locality(id, name, city_id) values (1743,"Sector 9",4);
insert into locality(id, name, city_id) values (1744,"Sector 90",4);
insert into locality(id, name, city_id) values (1745,"Sector 91",4);
insert into locality(id, name, city_id) values (1746,"Sector 92",4);
insert into locality(id, name, city_id) values (1747,"Sector 93",4);
insert into locality(id, name, city_id) values (1748,"Sector 94",4);
insert into locality(id, name, city_id) values (1749,"Sector 95",4);
insert into locality(id, name, city_id) values (1750,"Sector 95a",4);
insert into locality(id, name, city_id) values (1751,"Sector 95b",4);
insert into locality(id, name, city_id) values (1752,"Sector 96",4);
insert into locality(id, name, city_id) values (1753,"Sector 97",4);
insert into locality(id, name, city_id) values (1754,"Sector 98",4);
insert into locality(id, name, city_id) values (1755,"Sector 99",4);
insert into locality(id, name, city_id) values (1756,"Sector 99A",4);
insert into locality(id, name, city_id) values (1757,"Sector 9a",4);
insert into locality(id, name, city_id) values (1758,"Sector 9B",4);
insert into locality(id, name, city_id) values (1759,"Sector M-1",4);
insert into locality(id, name, city_id) values (1760,"Sector M-1a",4);
insert into locality(id, name, city_id) values (1761,"Sector-",4);
insert into locality(id, name, city_id) values (1762,"Sehrawan",4);
insert into locality(id, name, city_id) values (1763,"Shakuntala",4);
insert into locality(id, name, city_id) values (1764,"Shivaji Nagar",4);
insert into locality(id, name, city_id) values (1765,"Sikandarpur Ghosi",4);
insert into locality(id, name, city_id) values (1766,"Sikanderpur",4);
insert into locality(id, name, city_id) values (1767,"Sikohpur",4);
insert into locality(id, name, city_id) values (1768,"Silani",4);
insert into locality(id, name, city_id) values (1769,"Smaspur",4);
insert into locality(id, name, city_id) values (1770,"Sohna",4);
insert into locality(id, name, city_id) values (1771,"Sohna Road",4);
insert into locality(id, name, city_id) values (1772,"Sohna Road Gurgaon",4);
insert into locality(id, name, city_id) values (1773,"Sohna sector 11",4);
insert into locality(id, name, city_id) values (1774,"Sohna Sector 33",4);
insert into locality(id, name, city_id) values (1775,"Sohna Sector 36",4);
insert into locality(id, name, city_id) values (1776,"Sohna Sector 4",4);
insert into locality(id, name, city_id) values (1777,"Sohna Sector 5",4);
insert into locality(id, name, city_id) values (1778,"Sohna Sector 7",4);
insert into locality(id, name, city_id) values (1779,"Sohna Sector-14",4);
insert into locality(id, name, city_id) values (1780,"Sohna Sector-2",4);
insert into locality(id, name, city_id) values (1781,"Sohna Sector-35",4);
insert into locality(id, name, city_id) values (1782,"South City 1",4);
insert into locality(id, name, city_id) values (1783,"South City 2",4);
insert into locality(id, name, city_id) values (1784,"Sushant Lok",4);
insert into locality(id, name, city_id) values (1785,"Sushant Lok Phase 2",4);
insert into locality(id, name, city_id) values (1786,"Sushant Lok Phase 3",4);
insert into locality(id, name, city_id) values (1787,"Sushant Lok Phase I",4);
insert into locality(id, name, city_id) values (1788,"Town House",4);
insert into locality(id, name, city_id) values (1789,"Udyog Vihar",4);
insert into locality(id, name, city_id) values (1790,"Urban Estate",4);
insert into locality(id, name, city_id) values (1791,"Wazirabad",4);
------------------------------------------------
insert into city(id, name) values (5,"Hyderabad");
insert into locality(id, name, city_id) values (1792,"A S Rao Nagar",5);
insert into locality(id, name, city_id) values (1793,"Abids",5);
insert into locality(id, name, city_id) values (1794,"Adarsh Nagar",5);
insert into locality(id, name, city_id) values (1795,"Adibatla",5);
insert into locality(id, name, city_id) values (1796,"Adibhatla",5);
insert into locality(id, name, city_id) values (1797,"Adikmet",5);
insert into locality(id, name, city_id) values (1798,"Afzalgunj",5);
insert into locality(id, name, city_id) values (1799,"Alakaapoor Township",5);
insert into locality(id, name, city_id) values (1800,"Alkapoor",5);
insert into locality(id, name, city_id) values (1801,"Almasguda",5);
insert into locality(id, name, city_id) values (1802,"Alwal",5);
insert into locality(id, name, city_id) values (1803,"Amberpet",5);
insert into locality(id, name, city_id) values (1804,"Ameenpur",5);
insert into locality(id, name, city_id) values (1805,"Ameerpet",5);
insert into locality(id, name, city_id) values (1806,"Anandbagh",5);
insert into locality(id, name, city_id) values (1807,"Appa Junction",5);
insert into locality(id, name, city_id) values (1808,"Ashok Nagar",5);
insert into locality(id, name, city_id) values (1809,"Attapur",5);
insert into locality(id, name, city_id) values (1810,"Auto Nagar",5);
insert into locality(id, name, city_id) values (1811,"Azamabad",5);
insert into locality(id, name, city_id) values (1812,"B N Reddy Nagar",5);
insert into locality(id, name, city_id) values (1813,"Bachupally",5);
insert into locality(id, name, city_id) values (1814,"Badangpet",5);
insert into locality(id, name, city_id) values (1815,"Badshahpet",5);
insert into locality(id, name, city_id) values (1816,"Baghlingampally",5);
insert into locality(id, name, city_id) values (1817,"Bahadurpally",5);
insert into locality(id, name, city_id) values (1818,"Bahadurpura",5);
insert into locality(id, name, city_id) values (1819,"Bairagiguda",5);
insert into locality(id, name, city_id) values (1820,"Bala Nagar",5);
insert into locality(id, name, city_id) values (1821,"Balapur",5);
insert into locality(id, name, city_id) values (1822,"Balkampet Road",5);
insert into locality(id, name, city_id) values (1823,"Bandlaguda",5);
insert into locality(id, name, city_id) values (1824,"Bandlaguda Jagir",5);
insert into locality(id, name, city_id) values (1825,"Banjara Hills",5);
insert into locality(id, name, city_id) values (1826,"Bank Street",5);
insert into locality(id, name, city_id) values (1827,"Bansilalpet",5);
insert into locality(id, name, city_id) values (1828,"Barkatpura",5);
insert into locality(id, name, city_id) values (1829,"Basheer Bagh",5);
insert into locality(id, name, city_id) values (1830,"Beeramguda",5);
insert into locality(id, name, city_id) values (1831,"Begumbazar",5);
insert into locality(id, name, city_id) values (1832,"Begumpet",5);
insert into locality(id, name, city_id) values (1833,"Bhadurpalle",5);
insert into locality(id, name, city_id) values (1834,"Bhanur",5);
insert into locality(id, name, city_id) values (1835,"Bharat Heavy Electricals Limited",5);
insert into locality(id, name, city_id) values (1836,"Bharath Nagar Colony",5);
insert into locality(id, name, city_id) values (1837,"Bhogaram",5);
insert into locality(id, name, city_id) values (1838,"Bhoiguda",5);
insert into locality(id, name, city_id) values (1839,"Bhongiri-warangal Highway",5);
insert into locality(id, name, city_id) values (1840,"Bhuvanagiri",5);
insert into locality(id, name, city_id) values (1841,"Bibi Nagar",5);
insert into locality(id, name, city_id) values (1842,"Boduppal",5);
insert into locality(id, name, city_id) values (1843,"Bogaram",5);
insert into locality(id, name, city_id) values (1844,"Boggulkunta",5);
insert into locality(id, name, city_id) values (1845,"Bolarum",5);
insert into locality(id, name, city_id) values (1846,"Bollaram Industrial Area",5);
insert into locality(id, name, city_id) values (1847,"Bongloor",5);
insert into locality(id, name, city_id) values (1848,"Borabanda",5);
insert into locality(id, name, city_id) values (1849,"Bowenpally",5);
insert into locality(id, name, city_id) values (1850,"Bowrampet",5);
insert into locality(id, name, city_id) values (1851,"Burgul",5);
insert into locality(id, name, city_id) values (1852,"Chaitanya Puri",5);
insert into locality(id, name, city_id) values (1853,"Champapet",5);
insert into locality(id, name, city_id) values (1854,"Chanchal guda",5);
insert into locality(id, name, city_id) values (1855,"Chanda Nagar",5);
insert into locality(id, name, city_id) values (1856,"Chandrayangutta",5);
insert into locality(id, name, city_id) values (1857,"Charminar",5);
insert into locality(id, name, city_id) values (1858,"Cheeriyal",5);
insert into locality(id, name, city_id) values (1859,"Cherlapalli",5);
insert into locality(id, name, city_id) values (1860,"Chevalla",5);
insert into locality(id, name, city_id) values (1861,"Chikkadpally",5);
insert into locality(id, name, city_id) values (1862,"Chilkur",5);
insert into locality(id, name, city_id) values (1863,"Chintal",5);
insert into locality(id, name, city_id) values (1864,"Chintalakunta",5);
insert into locality(id, name, city_id) values (1865,"Chintalmet",5);
insert into locality(id, name, city_id) values (1866,"Chirag Ali Lane",5);
insert into locality(id, name, city_id) values (1867,"Dammaiguda",5);
insert into locality(id, name, city_id) values (1868,"Dasarlapally",5);
insert into locality(id, name, city_id) values (1869,"Dayara",5);
insert into locality(id, name, city_id) values (1870,"Deepthisree Nagar",5);
insert into locality(id, name, city_id) values (1871,"Devaryamjal",5);
insert into locality(id, name, city_id) values (1872,"Dhoolpet",5);
insert into locality(id, name, city_id) values (1873,"Dilsukh Nagar",5);
insert into locality(id, name, city_id) values (1874,"Domalguda",5);
insert into locality(id, name, city_id) values (1875,"Dundigal",5);
insert into locality(id, name, city_id) values (1876,"Dwarkamai Nagar",5);
insert into locality(id, name, city_id) values (1877,"East Marredpally",5);
insert into locality(id, name, city_id) values (1878,"Ecil",5);
insert into locality(id, name, city_id) values (1879,"Edulanagulapalle",5);
insert into locality(id, name, city_id) values (1880,"Erragadda",5);
insert into locality(id, name, city_id) values (1881,"Erramanzil",5);
insert into locality(id, name, city_id) values (1882,"Falaknuma",5);
insert into locality(id, name, city_id) values (1883,"Feelkhana",5);
insert into locality(id, name, city_id) values (1884,"Film Nagar",5);
insert into locality(id, name, city_id) values (1885,"Financial District",5);
insert into locality(id, name, city_id) values (1886,"Gachibowli",5);
insert into locality(id, name, city_id) values (1887,"Gaddi annaram",5);
insert into locality(id, name, city_id) values (1888,"Gajularamaram",5);
insert into locality(id, name, city_id) values (1889,"Gandhi Nagar",5);
insert into locality(id, name, city_id) values (1890,"Gandi Maisamma",5);
insert into locality(id, name, city_id) values (1891,"Gandipet",5);
insert into locality(id, name, city_id) values (1892,"Gangaputra Nagar",5);
insert into locality(id, name, city_id) values (1893,"General Bazar",5);
insert into locality(id, name, city_id) values (1894,"Ghansi Bazaar",5);
insert into locality(id, name, city_id) values (1895,"Ghatkesar",5);
insert into locality(id, name, city_id) values (1896,"Golkonda",5);
insert into locality(id, name, city_id) values (1897,"Gopanpally",5);
insert into locality(id, name, city_id) values (1898,"Gudimalkapur",5);
insert into locality(id, name, city_id) values (1899,"Gudoor",5);
insert into locality(id, name, city_id) values (1900,"Gun Foundry",5);
insert into locality(id, name, city_id) values (1901,"Gundlapochampalli",5);
insert into locality(id, name, city_id) values (1902,"Gunrock Enclave",5);
insert into locality(id, name, city_id) values (1903,"Gurram Guda",5);
insert into locality(id, name, city_id) values (1904,"Habshiguda",5);
insert into locality(id, name, city_id) values (1905,"Hafeezpet",5);
insert into locality(id, name, city_id) values (1906,"Hakeempet",5);
insert into locality(id, name, city_id) values (1907,"Hakimpet",5);
insert into locality(id, name, city_id) values (1908,"Hanuman Nagar Colony",5);
insert into locality(id, name, city_id) values (1909,"Hasmathpet",5);
insert into locality(id, name, city_id) values (1910,"Hastinapuram",5);
insert into locality(id, name, city_id) values (1911,"Hayat Nagar",5);
insert into locality(id, name, city_id) values (1912,"Hayathabad",5);
insert into locality(id, name, city_id) values (1913,"Hi Tech City",5);
insert into locality(id, name, city_id) values (1914,"Hill Street",5);
insert into locality(id, name, city_id) values (1915,"Himayat Nagar",5);
insert into locality(id, name, city_id) values (1916,"HMT Colony",5);
insert into locality(id, name, city_id) values (1917,"Humayun Nagar",5);
insert into locality(id, name, city_id) values (1918,"Hyder Nagar",5);
insert into locality(id, name, city_id) values (1919,"Hyderguda",5);
insert into locality(id, name, city_id) values (1920,"Ibrahim Bagh",5);
insert into locality(id, name, city_id) values (1921,"Ibrahimpatnam",5);
insert into locality(id, name, city_id) values (1922,"IDA Kattedan",5);
insert into locality(id, name, city_id) values (1923,"Indresham",5);
insert into locality(id, name, city_id) values (1924,"Isnapur",5);
insert into locality(id, name, city_id) values (1925,"Jagathgiri Gutta",5);
insert into locality(id, name, city_id) values (1926,"Jalpally",5);
insert into locality(id, name, city_id) values (1927,"Jam Bagh",5);
insert into locality(id, name, city_id) values (1928,"Janachaitanya Colony",5);
insert into locality(id, name, city_id) values (1929,"Janpriya Nagar",5);
insert into locality(id, name, city_id) values (1930,"Jawahar Nagar",5);
insert into locality(id, name, city_id) values (1931,"Jeedimetla",5);
insert into locality(id, name, city_id) values (1932,"Jeera",5);
insert into locality(id, name, city_id) values (1933,"Jubilee Hills",5);
insert into locality(id, name, city_id) values (1934,"Kachiguda",5);
insert into locality(id, name, city_id) values (1935,"Kadtal",5);
insert into locality(id, name, city_id) values (1936,"Kadthal",5);
insert into locality(id, name, city_id) values (1937,"Kakaguda",5);
insert into locality(id, name, city_id) values (1938,"Kalasiguda",5);
insert into locality(id, name, city_id) values (1939,"Kanchanbagh",5);
insert into locality(id, name, city_id) values (1940,"Kandukur",5);
insert into locality(id, name, city_id) values (1941,"Kapra",5);
insert into locality(id, name, city_id) values (1942,"Karkhana",5);
insert into locality(id, name, city_id) values (1943,"Karmanghat",5);
insert into locality(id, name, city_id) values (1944,"Karwan",5);
insert into locality(id, name, city_id) values (1945,"Kavadiguda",5);
insert into locality(id, name, city_id) values (1946,"Keesara",5);
insert into locality(id, name, city_id) values (1947,"Khairatabad",5);
insert into locality(id, name, city_id) values (1948,"King Koti",5);
insert into locality(id, name, city_id) values (1949,"Kishan Bagh",5);
insert into locality(id, name, city_id) values (1950,"Kismatpur",5);
insert into locality(id, name, city_id) values (1951,"Kodakanchi",5);
insert into locality(id, name, city_id) values (1952,"Kokapet",5);
insert into locality(id, name, city_id) values (1953,"Kollur",5);
insert into locality(id, name, city_id) values (1954,"Kompalli",5);
insert into locality(id, name, city_id) values (1955,"Kondakal",5);
insert into locality(id, name, city_id) values (1956,"Kondapur",5);
insert into locality(id, name, city_id) values (1957,"Kongara Kalan",5);
insert into locality(id, name, city_id) values (1958,"Kothaguda",5);
insert into locality(id, name, city_id) values (1959,"Kothapet",5);
insert into locality(id, name, city_id) values (1960,"Kothur",5);
insert into locality(id, name, city_id) values (1961,"Koti",5);
insert into locality(id, name, city_id) values (1962,"Kowkoor",5);
insert into locality(id, name, city_id) values (1963,"KPHB",5);
insert into locality(id, name, city_id) values (1964,"Kukatpally",5);
insert into locality(id, name, city_id) values (1965,"Kurmaguda",5);
insert into locality(id, name, city_id) values (1966,"Kushaiguda",5);
insert into locality(id, name, city_id) values (1967,"Lakdi ka pul",5);
insert into locality(id, name, city_id) values (1968,"Lalapet",5);
insert into locality(id, name, city_id) values (1969,"Lalbahadur Nagar",5);
insert into locality(id, name, city_id) values (1970,"Lallaguda",5);
insert into locality(id, name, city_id) values (1971,"Langar Houz",5);
insert into locality(id, name, city_id) values (1972,"Lb Nagar",5);
insert into locality(id, name, city_id) values (1973,"Lingampally",5);
insert into locality(id, name, city_id) values (1974,"Lothkunta",5);
insert into locality(id, name, city_id) values (1975,"M G Road",5);
insert into locality(id, name, city_id) values (1976,"Madhapur",5);
insert into locality(id, name, city_id) values (1977,"Madhura Nagar",5);
insert into locality(id, name, city_id) values (1978,"Madinaguda",5);
insert into locality(id, name, city_id) values (1979,"Maharaj Gunj",5);
insert into locality(id, name, city_id) values (1980,"Mahendra Hills",5);
insert into locality(id, name, city_id) values (1981,"Maheshwaram",5);
insert into locality(id, name, city_id) values (1982,"Maheshwaram Lines",5);
insert into locality(id, name, city_id) values (1983,"Maisireddipalle",5);
insert into locality(id, name, city_id) values (1984,"Majarguda",5);
insert into locality(id, name, city_id) values (1985,"Malakpet",5);
insert into locality(id, name, city_id) values (1986,"Malkajgiri",5);
insert into locality(id, name, city_id) values (1987,"Mallampet",5);
insert into locality(id, name, city_id) values (1988,"Mallapur",5);
insert into locality(id, name, city_id) values (1989,"Manchirevula",5);
insert into locality(id, name, city_id) values (1990,"Manikonda",5);
insert into locality(id, name, city_id) values (1991,"Manneguda",5);
insert into locality(id, name, city_id) values (1992,"Manorabad",5);
insert into locality(id, name, city_id) values (1993,"Mansoorabad",5);
insert into locality(id, name, city_id) values (1994,"Marredpally",5);
insert into locality(id, name, city_id) values (1995,"Maruthi Nagar",5);
insert into locality(id, name, city_id) values (1996,"Masab Tank",5);
insert into locality(id, name, city_id) values (1997,"Medak Road",5);
insert into locality(id, name, city_id) values (1998,"Medbowli",5);
insert into locality(id, name, city_id) values (1999,"Medchal",5);
insert into locality(id, name, city_id) values (2000,"Medipalli",5);
insert into locality(id, name, city_id) values (2001,"Meerpet",5);
insert into locality(id, name, city_id) values (2002,"Mehdipatnam",5);
insert into locality(id, name, city_id) values (2003,"Mettuguda",5);
insert into locality(id, name, city_id) values (2004,"Mirkhanpet",5);
insert into locality(id, name, city_id) values (2005,"Miyapur",5);
insert into locality(id, name, city_id) values (2006,"Moinabad",5);
insert into locality(id, name, city_id) values (2007,"Mokila",5);
insert into locality(id, name, city_id) values (2008,"Moosapet",5);
insert into locality(id, name, city_id) values (2009,"Mothinagar",5);
insert into locality(id, name, city_id) values (2010,"Moula Ali",5);
insert into locality(id, name, city_id) values (2011,"Musheerabad",5);
insert into locality(id, name, city_id) values (2012,"Mushirabad",5);
insert into locality(id, name, city_id) values (2013,"Muthangi",5);
insert into locality(id, name, city_id) values (2014,"Mylargada",5);
insert into locality(id, name, city_id) values (2015,"Nacharam",5);
insert into locality(id, name, city_id) values (2016,"Nadergul",5);
insert into locality(id, name, city_id) values (2017,"Nagaram",5);
insert into locality(id, name, city_id) values (2018,"Nagarjuna Sagar Road",5);
insert into locality(id, name, city_id) values (2019,"Nagole",5);
insert into locality(id, name, city_id) values (2020,"Nallagandla",5);
insert into locality(id, name, city_id) values (2021,"Nampalli",5);
insert into locality(id, name, city_id) values (2022,"Nanakramguda",5);
insert into locality(id, name, city_id) values (2023,"Nandigama",5);
insert into locality(id, name, city_id) values (2024,"Narapally",5);
insert into locality(id, name, city_id) values (2025,"Narayanguda",5);
insert into locality(id, name, city_id) values (2026,"Nars",5);
insert into locality(id, name, city_id) values (2027,"Narsapur",5);
insert into locality(id, name, city_id) values (2028,"Narsingi",5);
insert into locality(id, name, city_id) values (2029,"Neredment",5);
insert into locality(id, name, city_id) values (2030,"New Malakpet",5);
insert into locality(id, name, city_id) values (2031,"New Mallepally",5);
insert into locality(id, name, city_id) values (2032,"New Nallakunta",5);
insert into locality(id, name, city_id) values (2033,"Nizampet",5);
insert into locality(id, name, city_id) values (2034,"Nizampet Roa",5);
insert into locality(id, name, city_id) values (2035,"Nizampet Road",5);
insert into locality(id, name, city_id) values (2036,"Old Bowenpally",5);
insert into locality(id, name, city_id) values (2037,"Old Malakpet",5);
insert into locality(id, name, city_id) values (2038,"Osman Nagar",5);
insert into locality(id, name, city_id) values (2039,"Osman Sagar Road",5);
insert into locality(id, name, city_id) values (2040,"Padmarao Nagar",5);
insert into locality(id, name, city_id) values (2041,"Panjagutta",5);
insert into locality(id, name, city_id) values (2042,"Park Lane",5);
insert into locality(id, name, city_id) values (2043,"Patancheru",5);
insert into locality(id, name, city_id) values (2044,"Patancheru-Shankarpalli Road",5);
insert into locality(id, name, city_id) values (2045,"Peeranchuruvu",5);
insert into locality(id, name, city_id) values (2046,"Peerzadiguda",5);
insert into locality(id, name, city_id) values (2047,"Pocharam",5);
insert into locality(id, name, city_id) values (2048,"Pragathi Nagar",5);
insert into locality(id, name, city_id) values (2049,"Pratap Singaram",5);
insert into locality(id, name, city_id) values (2050,"Pulimamidi",5);
insert into locality(id, name, city_id) values (2051,"Puppalaguda",5);
insert into locality(id, name, city_id) values (2052,"Quthbullapur",5);
insert into locality(id, name, city_id) values (2053,"Qutub Shahi Tombs",5);
insert into locality(id, name, city_id) values (2054,"R.C Puram",5);
insert into locality(id, name, city_id) values (2055,"Rai Durg",5);
insert into locality(id, name, city_id) values (2056,"Rai Durgam",5);
insert into locality(id, name, city_id) values (2057,"Raigir",5);
insert into locality(id, name, city_id) values (2058,"Raikal",5);
insert into locality(id, name, city_id) values (2059,"Raj Bhavan Road",5);
insert into locality(id, name, city_id) values (2060,"Rajeev Nagar",5);
insert into locality(id, name, city_id) values (2061,"Rajendra Nagar",5);
insert into locality(id, name, city_id) values (2062,"Ram Nagar",5);
insert into locality(id, name, city_id) values (2063,"Ramakrishnapuram",5);
insert into locality(id, name, city_id) values (2064,"Ramanthapur",5);
insert into locality(id, name, city_id) values (2065,"Rambagh Colony",5);
insert into locality(id, name, city_id) values (2066,"Ramchandra Puram",5);
insert into locality(id, name, city_id) values (2067,"Ramgopalpet",5);
insert into locality(id, name, city_id) values (2068,"Ramkoti",5);
insert into locality(id, name, city_id) values (2069,"Ramoji Film City",5);
insert into locality(id, name, city_id) values (2070,"Rampally",5);
insert into locality(id, name, city_id) values (2071,"Rani Gunj",5);
insert into locality(id, name, city_id) values (2072,"Rasoolpura",5);
insert into locality(id, name, city_id) values (2073,"Ravulapalle Khurd",5);
insert into locality(id, name, city_id) values (2074,"Red Hills",5);
insert into locality(id, name, city_id) values (2075,"Rendlagadda",5);
insert into locality(id, name, city_id) values (2076,"RTC Cross Road",5);
insert into locality(id, name, city_id) values (2077,"Rudraram",5);
insert into locality(id, name, city_id) values (2078,"S D Road",5);
insert into locality(id, name, city_id) values (2079,"Sadashivpet",5);
insert into locality(id, name, city_id) values (2080,"Safilguda",5);
insert into locality(id, name, city_id) values (2081,"Saidabad",5);
insert into locality(id, name, city_id) values (2082,"Saifabad",5);
insert into locality(id, name, city_id) values (2083,"Sainikpuri",5);
insert into locality(id, name, city_id) values (2084,"Saleem Nagar",5);
insert into locality(id, name, city_id) values (2085,"Sanath Nagar",5);
insert into locality(id, name, city_id) values (2086,"Sangareddy",5);
insert into locality(id, name, city_id) values (2087,"Sanjeeva Reddy Nagar",5);
insert into locality(id, name, city_id) values (2088,"Santosh Nagar",5);
insert into locality(id, name, city_id) values (2089,"Saroornagar",5);
insert into locality(id, name, city_id) values (2090,"Secunderabad",5);
insert into locality(id, name, city_id) values (2091,"Seetharampally",5);
insert into locality(id, name, city_id) values (2092,"Serilingampally",5);
insert into locality(id, name, city_id) values (2093,"Sevalal Nagar",5);
insert into locality(id, name, city_id) values (2094,"Shadnagar",5);
insert into locality(id, name, city_id) values (2095,"Shaikpet",5);
insert into locality(id, name, city_id) values (2096,"Shamirpet",5);
insert into locality(id, name, city_id) values (2097,"Shamshabad",5);
insert into locality(id, name, city_id) values (2098,"Shankarpally",5);
insert into locality(id, name, city_id) values (2099,"Shanthi Nagar",5);
insert into locality(id, name, city_id) values (2100,"Sheriguda",5);
insert into locality(id, name, city_id) values (2101,"Siddhartha Nagar",5);
insert into locality(id, name, city_id) values (2102,"Sindhi Colony",5);
insert into locality(id, name, city_id) values (2103,"Sitaphalmandi",5);
insert into locality(id, name, city_id) values (2104,"Sivarampalli",5);
insert into locality(id, name, city_id) values (2105,"Somajiguda",5);
insert into locality(id, name, city_id) values (2106,"Srinagar Colony",5);
insert into locality(id, name, city_id) values (2107,"Srisailam",5);
insert into locality(id, name, city_id) values (2108,"Srisailam Highway",5);
insert into locality(id, name, city_id) values (2109,"Subhash Nagar",5);
insert into locality(id, name, city_id) values (2110,"Suchitra Road",5);
insert into locality(id, name, city_id) values (2111,"Sultanpur",5);
insert into locality(id, name, city_id) values (2112,"Suraram",5);
insert into locality(id, name, city_id) values (2113,"Swarnapuri",5);
insert into locality(id, name, city_id) values (2114,"Syed Ali Guda",5);
insert into locality(id, name, city_id) values (2115,"Tank Bund Road",5);
insert into locality(id, name, city_id) values (2116,"Tarnaka",5);
insert into locality(id, name, city_id) values (2117,"Tellapur",5);
insert into locality(id, name, city_id) values (2118,"Thimmapur",5);
insert into locality(id, name, city_id) values (2119,"Tilak Road",5);
insert into locality(id, name, city_id) values (2120,"Tolichowki",5);
insert into locality(id, name, city_id) values (2121,"Toroor",5);
insert into locality(id, name, city_id) values (2122,"Trimulgherry",5);
insert into locality(id, name, city_id) values (2123,"Tukkuguda",5);
insert into locality(id, name, city_id) values (2124,"Tulekhurd",5);
insert into locality(id, name, city_id) values (2125,"Turkapally",5);
insert into locality(id, name, city_id) values (2126,"Turkayamjal",5);
insert into locality(id, name, city_id) values (2127,"Uppal",5);
insert into locality(id, name, city_id) values (2128,"Upparpalli",5);
insert into locality(id, name, city_id) values (2129,"Vanastali Puram",5);
insert into locality(id, name, city_id) values (2130,"Vanasthalipuram",5);
insert into locality(id, name, city_id) values (2131,"Vangapalli",5);
insert into locality(id, name, city_id) values (2132,"Vengal Rao Nagar",5);
insert into locality(id, name, city_id) values (2133,"Venkat Reddy Colony",5);
insert into locality(id, name, city_id) values (2134,"Venkatapuram",5);
insert into locality(id, name, city_id) values (2135,"Vidyanagar",5);
insert into locality(id, name, city_id) values (2136,"Vijayawada Highway",5);
insert into locality(id, name, city_id) values (2137,"Vikrampuri Colony",5);
insert into locality(id, name, city_id) values (2138,"Walker Town",5);
insert into locality(id, name, city_id) values (2139,"Warasiguda",5);
insert into locality(id, name, city_id) values (2140,"West Marredpally",5);
insert into locality(id, name, city_id) values (2141,"Whisper Valley",5);
insert into locality(id, name, city_id) values (2142,"Whitefields",5);
insert into locality(id, name, city_id) values (2143,"Yadagirigutta",5);
insert into locality(id, name, city_id) values (2144,"Yapral",5);
insert into locality(id, name, city_id) values (2145,"Yellareddiguda",5);
insert into locality(id, name, city_id) values (2146,"Yousufguda",5);
insert into locality(id, name, city_id) values (2147,"Zamistanpur",5);
------------------------------------------------
insert into city(id, name) values (6,"Kolkata");
insert into locality(id, name, city_id) values (2148,"A.J.C. Bose Road",6);
insert into locality(id, name, city_id) values (2149,"Abinash Chaowdhury Lane",6);
insert into locality(id, name, city_id) values (2150,"Acharya Jagadish Chandra Bose Road",6);
insert into locality(id, name, city_id) values (2151,"Agarpara",6);
insert into locality(id, name, city_id) values (2152,"Ajoy Nagar",6);
insert into locality(id, name, city_id) values (2153,"Alipore",6);
insert into locality(id, name, city_id) values (2154,"Alipore Road",6);
insert into locality(id, name, city_id) values (2155,"Amrita Bazar Partika",6);
insert into locality(id, name, city_id) values (2156,"Amtala",6);
insert into locality(id, name, city_id) values (2157,"Amtala-Baruipur Road",6);
insert into locality(id, name, city_id) values (2158,"Ananda Palit Road",6);
insert into locality(id, name, city_id) values (2159,"Anandanagar",6);
insert into locality(id, name, city_id) values (2160,"Anandapur",6);
insert into locality(id, name, city_id) values (2161,"Andul",6);
insert into locality(id, name, city_id) values (2162,"Andul Road",6);
insert into locality(id, name, city_id) values (2163,"Ankurhati",6);
insert into locality(id, name, city_id) values (2164,"APC Road",6);
insert into locality(id, name, city_id) values (2165,"Arambagh",6);
insert into locality(id, name, city_id) values (2166,"Ariadaha",6);
insert into locality(id, name, city_id) values (2167,"Ashok Nagar",6);
insert into locality(id, name, city_id) values (2168,"Ashokgarh",6);
insert into locality(id, name, city_id) values (2169,"Atapara",6);
insert into locality(id, name, city_id) values (2170,"B B Ganguly Street",6);
insert into locality(id, name, city_id) values (2171,"B L Saha Road",6);
insert into locality(id, name, city_id) values (2172,"Bablatala",6);
insert into locality(id, name, city_id) values (2173,"Badartala",6);
insert into locality(id, name, city_id) values (2174,"Baderaipur Road",6);
insert into locality(id, name, city_id) values (2175,"Bagbazar",6);
insert into locality(id, name, city_id) values (2176,"Bagha Jatin",6);
insert into locality(id, name, city_id) values (2177,"Bagmari",6);
insert into locality(id, name, city_id) values (2178,"Baguiati",6);
insert into locality(id, name, city_id) values (2179,"Baidyabati",6);
insert into locality(id, name, city_id) values (2180,"Baishnabghata Lane",6);
insert into locality(id, name, city_id) values (2181,"Baithakkhana",6);
insert into locality(id, name, city_id) values (2182,"Bakhrahat Road",6);
insert into locality(id, name, city_id) values (2183,"Bakkhali",6);
insert into locality(id, name, city_id) values (2184,"Baksara",6);
insert into locality(id, name, city_id) values (2185,"Bakul Bagan Road",6);
insert into locality(id, name, city_id) values (2186,"Bakultala",6);
insert into locality(id, name, city_id) values (2187,"Balitikuri",6);
insert into locality(id, name, city_id) values (2188,"Bally",6);
insert into locality(id, name, city_id) values (2189,"Ballygunge",6);
insert into locality(id, name, city_id) values (2190,"Ban Hugli",6);
insert into locality(id, name, city_id) values (2191,"Bandhaghat",6);
insert into locality(id, name, city_id) values (2192,"Bangur",6);
insert into locality(id, name, city_id) values (2193,"Baniban Jagadishpur",6);
insert into locality(id, name, city_id) values (2194,"Bankra",6);
insert into locality(id, name, city_id) values (2195,"Bansdroni",6);
insert into locality(id, name, city_id) values (2196,"Bantala",6);
insert into locality(id, name, city_id) values (2197,"Barabazar Market",6);
insert into locality(id, name, city_id) values (2198,"Baranagar",6);
insert into locality(id, name, city_id) values (2199,"Baranagar",6);
insert into locality(id, name, city_id) values (2200,"Barasat",6);
insert into locality(id, name, city_id) values (2201,"Barisha",6);
insert into locality(id, name, city_id) values (2202,"Barrackpore",6);
insert into locality(id, name, city_id) values (2203,"Baruipur",6);
insert into locality(id, name, city_id) values (2204,"Batanagar",6);
insert into locality(id, name, city_id) values (2205,"Bauria",6);
insert into locality(id, name, city_id) values (2206,"BBD Bag",6);
insert into locality(id, name, city_id) values (2207,"BC Roy Road",6);
insert into locality(id, name, city_id) values (2208,"Beadon Street",6);
insert into locality(id, name, city_id) values (2209,"Beck Bagan",6);
insert into locality(id, name, city_id) values (2210,"Bediapara",6);
insert into locality(id, name, city_id) values (2211,"Behala",6);
insert into locality(id, name, city_id) values (2212,"Behala Municipal Market",6);
insert into locality(id, name, city_id) values (2213,"Belgachhiya",6);
insert into locality(id, name, city_id) values (2214,"Belghariya",6);
insert into locality(id, name, city_id) values (2215,"Beliaghata",6);
insert into locality(id, name, city_id) values (2216,"Belur",6);
insert into locality(id, name, city_id) values (2217,"Beniapukur",6);
insert into locality(id, name, city_id) values (2218,"Beniatola",6);
insert into locality(id, name, city_id) values (2219,"Bhadreswar",6);
insert into locality(id, name, city_id) values (2220,"Bhatta Nagar",6);
insert into locality(id, name, city_id) values (2221,"Bhawanipur",6);
insert into locality(id, name, city_id) values (2222,"Bibirhat",6);
insert into locality(id, name, city_id) values (2223,"Bichali",6);
insert into locality(id, name, city_id) values (2224,"Biparnna Para",6);
insert into locality(id, name, city_id) values (2225,"Birati",6);
insert into locality(id, name, city_id) values (2226,"Biren Roy Road (West)",6);
insert into locality(id, name, city_id) values (2227,"Birlapur",6);
insert into locality(id, name, city_id) values (2228,"Bishnupur",6);
insert into locality(id, name, city_id) values (2229,"Biswaspara",6);
insert into locality(id, name, city_id) values (2230,"Bonhooghly",6);
insert into locality(id, name, city_id) values (2231,"Boral",6);
insert into locality(id, name, city_id) values (2232,"Bosepukur",6);
insert into locality(id, name, city_id) values (2233,"Bow Bazaar",6);
insert into locality(id, name, city_id) values (2234,"Brahma Samaj Road",6);
insert into locality(id, name, city_id) values (2235,"Bramhapur",6);
insert into locality(id, name, city_id) values (2236,"BT Road",6);
insert into locality(id, name, city_id) values (2237,"Budge Budge",6);
insert into locality(id, name, city_id) values (2238,"Burdwan Road",6);
insert into locality(id, name, city_id) values (2239,"Buroshibtalla",6);
insert into locality(id, name, city_id) values (2240,"Camac St",6);
insert into locality(id, name, city_id) values (2241,"Champdani",6);
insert into locality(id, name, city_id) values (2242,"Chamrail",6);
insert into locality(id, name, city_id) values (2243,"Chandannagar",6);
insert into locality(id, name, city_id) values (2244,"Chandni Chawk",6);
insert into locality(id, name, city_id) values (2245,"Chengail",6);
insert into locality(id, name, city_id) values (2246,"Chetla",6);
insert into locality(id, name, city_id) values (2247,"Chinar Park",6);
insert into locality(id, name, city_id) values (2248,"Chirstanpara",6);
insert into locality(id, name, city_id) values (2249,"Chitpur",6);
insert into locality(id, name, city_id) values (2250,"Chittaranjan Avenue",6);
insert into locality(id, name, city_id) values (2251,"Chowbaga",6);
insert into locality(id, name, city_id) values (2252,"Chowringhee",6);
insert into locality(id, name, city_id) values (2253,"Church Lane",6);
insert into locality(id, name, city_id) values (2254,"Circus Avenue",6);
insert into locality(id, name, city_id) values (2255,"Cmda Abasan",6);
insert into locality(id, name, city_id) values (2256,"College Square",6);
insert into locality(id, name, city_id) values (2257,"College Street",6);
insert into locality(id, name, city_id) values (2258,"Colootola",6);
insert into locality(id, name, city_id) values (2259,"Cossipore",6);
insert into locality(id, name, city_id) values (2260,"Council House Street",6);
insert into locality(id, name, city_id) values (2261,"Dakshindari",6);
insert into locality(id, name, city_id) values (2262,"Dakshineshwar",6);
insert into locality(id, name, city_id) values (2263,"Dankuni",6);
insert into locality(id, name, city_id) values (2264,"Danspara",6);
insert into locality(id, name, city_id) values (2265,"Das",6);
insert into locality(id, name, city_id) values (2266,"Dasnagar",6);
insert into locality(id, name, city_id) values (2267,"Debirpara",6);
insert into locality(id, name, city_id) values (2268,"Dhakuria",6);
insert into locality(id, name, city_id) values (2269,"Dhapa",6);
insert into locality(id, name, city_id) values (2270,"Dharmatala",6);
insert into locality(id, name, city_id) values (2271,"Dharmatala Road",6);
insert into locality(id, name, city_id) values (2272,"Dhulagori",6);
insert into locality(id, name, city_id) values (2273,"Diamond Harbour Road",6);
insert into locality(id, name, city_id) values (2274,"Domjur",6);
insert into locality(id, name, city_id) values (2275,"Dover Lane",6);
insert into locality(id, name, city_id) values (2276,"Dr M D Ishaque Road",6);
insert into locality(id, name, city_id) values (2277,"Duillya",6);
insert into locality(id, name, city_id) values (2278,"Dum Dum",6);
insert into locality(id, name, city_id) values (2279,"Dum Dum Cantt",6);
insert into locality(id, name, city_id) values (2280,"Dum Dum Park",6);
insert into locality(id, name, city_id) values (2281,"Dum Dum Road",6);
insert into locality(id, name, city_id) values (2282,"Dunlop",6);
insert into locality(id, name, city_id) values (2283,"Durga Nagar",6);
insert into locality(id, name, city_id) values (2284,"E.M. Bypass",6);
insert into locality(id, name, city_id) values (2285,"Eksara",6);
insert into locality(id, name, city_id) values (2286,"Elavur",6);
insert into locality(id, name, city_id) values (2287,"Elgin",6);
insert into locality(id, name, city_id) values (2288,"Elliot Road",6);
insert into locality(id, name, city_id) values (2289,"EM Bypass",6);
insert into locality(id, name, city_id) values (2290,"Entally",6);
insert into locality(id, name, city_id) values (2291,"Esplanade",6);
insert into locality(id, name, city_id) values (2292,"Fariapukur",6);
insert into locality(id, name, city_id) values (2293,"Fort William",6);
insert into locality(id, name, city_id) values (2294,"Gadkhali",6);
insert into locality(id, name, city_id) values (2295,"Ganesh Chandra Avenue",6);
insert into locality(id, name, city_id) values (2296,"Ganesh Ghosh Lane",6);
insert into locality(id, name, city_id) values (2297,"Ganganagar",6);
insert into locality(id, name, city_id) values (2298,"Ganguly Bagan",6);
insert into locality(id, name, city_id) values (2299,"Garcha",6);
insert into locality(id, name, city_id) values (2300,"Garcha Road",6);
insert into locality(id, name, city_id) values (2301,"Garden Reach",6);
insert into locality(id, name, city_id) values (2302,"Garfa",6);
insert into locality(id, name, city_id) values (2303,"Gariahat",6);
insert into locality(id, name, city_id) values (2304,"Gariahat Road",6);
insert into locality(id, name, city_id) values (2305,"Gariya",6);
insert into locality(id, name, city_id) values (2306,"Gayespur",6);
insert into locality(id, name, city_id) values (2307,"Ghosh Para Road",6);
insert into locality(id, name, city_id) values (2308,"Ghuni",6);
insert into locality(id, name, city_id) values (2309,"Ghusuri",6);
insert into locality(id, name, city_id) values (2310,"Girish Park",6);
insert into locality(id, name, city_id) values (2311,"Gobra",6);
insert into locality(id, name, city_id) values (2312,"Gokhale Road",6);
insert into locality(id, name, city_id) values (2313,"Golaghata",6);
insert into locality(id, name, city_id) values (2314,"Golf Green",6);
insert into locality(id, name, city_id) values (2315,"Golpark",6);
insert into locality(id, name, city_id) values (2316,"GT Road",6);
insert into locality(id, name, city_id) values (2317,"Haldia",6);
insert into locality(id, name, city_id) values (2318,"Halisahar",6);
insert into locality(id, name, city_id) values (2319,"Haltu",6);
insert into locality(id, name, city_id) values (2320,"Haridevpur",6);
insert into locality(id, name, city_id) values (2321,"Harinavi",6);
insert into locality(id, name, city_id) values (2322,"Harish Mukherjee Road",6);
insert into locality(id, name, city_id) values (2323,"Hastings",6);
insert into locality(id, name, city_id) values (2324,"Hati Bagan",6);
insert into locality(id, name, city_id) values (2325,"Hatiara",6);
insert into locality(id, name, city_id) values (2326,"Hatiara Road",6);
insert into locality(id, name, city_id) values (2327,"Hatkhola",6);
insert into locality(id, name, city_id) values (2328,"Hazra road",6);
insert into locality(id, name, city_id) values (2329,"Hindustan Park",6);
insert into locality(id, name, city_id) values (2330,"Ho Chi Minh Sarani",6);
insert into locality(id, name, city_id) values (2331,"Hogg St",6);
insert into locality(id, name, city_id) values (2332,"Hooghly",6);
insert into locality(id, name, city_id) values (2333,"Howrah",6);
insert into locality(id, name, city_id) values (2334,"Hussainpur",6);
insert into locality(id, name, city_id) values (2335,"Ichapur",6);
insert into locality(id, name, city_id) values (2336,"India Exchange Place",6);
insert into locality(id, name, city_id) values (2337,"Indrani Park",6);
insert into locality(id, name, city_id) values (2338,"Intally",6);
insert into locality(id, name, city_id) values (2339,"Jadavpur",6);
insert into locality(id, name, city_id) values (2340,"Jadavgarh",6);
insert into locality(id, name, city_id) values (2341,"Jadavpur",6);
insert into locality(id, name, city_id) values (2342,"Jafarpur",6);
insert into locality(id, name, city_id) values (2343,"Jagacha",6);
insert into locality(id, name, city_id) values (2344,"Jagachha",6);
insert into locality(id, name, city_id) values (2345,"Jagadishpur",6);
insert into locality(id, name, city_id) values (2346,"Jagannathpur",6);
insert into locality(id, name, city_id) values (2347,"James Long Sarani",6);
insert into locality(id, name, city_id) values (2348,"Jatin Das Road",6);
insert into locality(id, name, city_id) values (2349,"Jawaharlal Nehru Road",6);
insert into locality(id, name, city_id) values (2350,"Jayshree Park",6);
insert into locality(id, name, city_id) values (2351,"Jessore Road",6);
insert into locality(id, name, city_id) values (2352,"Jheel Road",6);
insert into locality(id, name, city_id) values (2353,"Jhowtala",6);
insert into locality(id, name, city_id) values (2354,"Jodhpur Park",6);
insert into locality(id, name, city_id) values (2355,"Joka",6);
insert into locality(id, name, city_id) values (2356,"Jorabagan",6);
insert into locality(id, name, city_id) values (2357,"Jorasanko",6);
insert into locality(id, name, city_id) values (2358,"Jotgiri",6);
insert into locality(id, name, city_id) values (2359,"Judges Court Road",6);
insert into locality(id, name, city_id) values (2360,"Jugberia",6);
insert into locality(id, name, city_id) values (2361,"Julpia",6);
insert into locality(id, name, city_id) values (2362,"Justice Dwarakanath Road",6);
insert into locality(id, name, city_id) values (2363,"K.g Bose Sarani",6);
insert into locality(id, name, city_id) values (2364,"K.p.roy Lane",6);
insert into locality(id, name, city_id) values (2365,"Kadam Tala",6);
insert into locality(id, name, city_id) values (2366,"Kaikhali",6);
insert into locality(id, name, city_id) values (2367,"Kalakar Street",6);
insert into locality(id, name, city_id) values (2368,"Kalarait",6);
insert into locality(id, name, city_id) values (2369,"Kalighat",6);
insert into locality(id, name, city_id) values (2370,"Kalikapur",6);
insert into locality(id, name, city_id) values (2371,"Kalikapur New Town",6);
insert into locality(id, name, city_id) values (2372,"Kalikapur Rajpur Sonarpur",6);
insert into locality(id, name, city_id) values (2373,"Kalimandir",6);
insert into locality(id, name, city_id) values (2374,"Kalindi",6);
insert into locality(id, name, city_id) values (2375,"Kalitala",6);
insert into locality(id, name, city_id) values (2376,"Kalyani",6);
insert into locality(id, name, city_id) values (2377,"Kamalgazi",6);
insert into locality(id, name, city_id) values (2378,"Kamarpukur",6);
insert into locality(id, name, city_id) values (2379,"Kanchrapara",6);
insert into locality(id, name, city_id) values (2380,"Kankurgachhi",6);
insert into locality(id, name, city_id) values (2381,"Kankurgachi",6);
insert into locality(id, name, city_id) values (2382,"Kapasia",6);
insert into locality(id, name, city_id) values (2383,"Karana Madhabpur",6);
insert into locality(id, name, city_id) values (2384,"Kasba",6);
insert into locality(id, name, city_id) values (2385,"Kashipur",6);
insert into locality(id, name, city_id) values (2386,"Kasthadanga",6);
insert into locality(id, name, city_id) values (2387,"Kazipara",6);
insert into locality(id, name, city_id) values (2388,"Keoratala",6);
insert into locality(id, name, city_id) values (2389,"Keshtopur",6);
insert into locality(id, name, city_id) values (2390,"Khanna",6);
insert into locality(id, name, city_id) values (2391,"Khardaha",6);
insert into locality(id, name, city_id) values (2392,"Khariberia",6);
insert into locality(id, name, city_id) values (2393,"Kidderpore",6);
insert into locality(id, name, city_id) values (2394,"Kolkatta G.p.o.",6);
insert into locality(id, name, city_id) values (2395,"Kona",6);
insert into locality(id, name, city_id) values (2396,"Kona Expressway",6);
insert into locality(id, name, city_id) values (2397,"Konnagar",6);
insert into locality(id, name, city_id) values (2398,"Krishnapur",6);
insert into locality(id, name, city_id) values (2399,"Kulgachia",6);
insert into locality(id, name, city_id) values (2400,"Kumarpara",6);
insert into locality(id, name, city_id) values (2401,"L.r.sarani",6);
insert into locality(id, name, city_id) values (2402,"Lake Gardens",6);
insert into locality(id, name, city_id) values (2403,"Lake Market",6);
insert into locality(id, name, city_id) values (2404,"Lake Terrace",6);
insert into locality(id, name, city_id) values (2405,"Lake Town",6);
insert into locality(id, name, city_id) values (2406,"Lakshmanpur",6);
insert into locality(id, name, city_id) values (2407,"Lalbazar",6);
insert into locality(id, name, city_id) values (2408,"Laskarpur",6);
insert into locality(id, name, city_id) values (2409,"Lilua",6);
insert into locality(id, name, city_id) values (2410,"Liluah",6);
insert into locality(id, name, city_id) values (2411,"Linton Street",6);
insert into locality(id, name, city_id) values (2412,"Little Russel Street",6);
insert into locality(id, name, city_id) values (2413,"Lord Sinha Road",6);
insert into locality(id, name, city_id) values (2414,"Lower Rawdon Street",6);
insert into locality(id, name, city_id) values (2415,"Machua Bazar",6);
insert into locality(id, name, city_id) values (2416,"Madhyamgram",6);
insert into locality(id, name, city_id) values (2417,"Madhyapara",6);
insert into locality(id, name, city_id) values (2418,"Madurdaha",6);
insert into locality(id, name, city_id) values (2419,"Mahamayatal",6);
insert into locality(id, name, city_id) values (2420,"Maharshi Debendra Road",6);
insert into locality(id, name, city_id) values (2421,"Mahatma Gandhi Road",6);
insert into locality(id, name, city_id) values (2422,"Mahendra Banerjee Road",6);
insert into locality(id, name, city_id) values (2423,"Mahestala",6);
insert into locality(id, name, city_id) values (2424,"Mahish Bathan",6);
insert into locality(id, name, city_id) values (2425,"Makardah",6);
insert into locality(id, name, city_id) values (2426,"Malancha Bazar",6);
insert into locality(id, name, city_id) values (2427,"Malancha Mahi Nagar",6);
insert into locality(id, name, city_id) values (2428,"Mandeville Gardens",6);
insert into locality(id, name, city_id) values (2429,"Maniktala",6);
insert into locality(id, name, city_id) values (2430,"Mankundu",6);
insert into locality(id, name, city_id) values (2431,"Mansatala",6);
insert into locality(id, name, city_id) values (2432,"Marquis Plaza",6);
insert into locality(id, name, city_id) values (2433,"Metiabruz",6);
insert into locality(id, name, city_id) values (2434,"Middleton Street",6);
insert into locality(id, name, city_id) values (2435,"Minto Park",6);
insert into locality(id, name, city_id) values (2436,"Mirza Ghalib Street",6);
insert into locality(id, name, city_id) values (2437,"Mominpur",6);
insert into locality(id, name, city_id) values (2438,"Mourigram",6);
insert into locality(id, name, city_id) values (2439,"Mukundapur",6);
insert into locality(id, name, city_id) values (2440,"Nadia",6);
insert into locality(id, name, city_id) values (2441,"Nager Bazar",6);
insert into locality(id, name, city_id) values (2442,"Naihati",6);
insert into locality(id, name, city_id) values (2443,"Naktala",6);
insert into locality(id, name, city_id) values (2444,"Nalpur",6);
insert into locality(id, name, city_id) values (2445,"Nandi Bagan",6);
insert into locality(id, name, city_id) values (2446,"Narayanpur",6);
insert into locality(id, name, city_id) values (2447,"Narendrapur",6);
insert into locality(id, name, city_id) values (2448,"Narkeldanga",6);
insert into locality(id, name, city_id) values (2449,"Nayabad",6);
insert into locality(id, name, city_id) values (2450,"Netaji Nagar",6);
insert into locality(id, name, city_id) values (2451,"Netaji Subhas Chandra Bose Road",6);
insert into locality(id, name, city_id) values (2452,"New Alipore",6);
insert into locality(id, name, city_id) values (2453,"New Barrackpore",6);
insert into locality(id, name, city_id) values (2454,"New Garia",6);
insert into locality(id, name, city_id) values (2455,"New Market",6);
insert into locality(id, name, city_id) values (2456,"New Town",6);
insert into locality(id, name, city_id) values (2457,"New Town Action Area 1",6);
insert into locality(id, name, city_id) values (2458,"New Town Action Area II",6);
insert into locality(id, name, city_id) values (2459,"New Town Action Area-III",6);
insert into locality(id, name, city_id) values (2460,"Nimta",6);
insert into locality(id, name, city_id) values (2461,"Noapara",6);
insert into locality(id, name, city_id) values (2462,"Paddapukur Road",6);
insert into locality(id, name, city_id) values (2463,"Paikandashi",6);
insert into locality(id, name, city_id) values (2464,"Paikpara",6);
insert into locality(id, name, city_id) values (2465,"Pailan",6);
insert into locality(id, name, city_id) values (2466,"Pairatungi",6);
insert into locality(id, name, city_id) values (2467,"Pakuria",6);
insert into locality(id, name, city_id) values (2468,"Panchanantala",6);
insert into locality(id, name, city_id) values (2469,"Panchasayar",6);
insert into locality(id, name, city_id) values (2470,"Panihati",6);
insert into locality(id, name, city_id) values (2471,"Park Circus",6);
insert into locality(id, name, city_id) values (2472,"Park Street",6);
insert into locality(id, name, city_id) values (2473,"Parnasree Pally",6);
insert into locality(id, name, city_id) values (2474,"Parsibagan",6);
insert into locality(id, name, city_id) values (2475,"Paschim Barisha",6);
insert into locality(id, name, city_id) values (2476,"Paschim Putiari",6);
insert into locality(id, name, city_id) values (2477,"Pathuriaghata",6);
insert into locality(id, name, city_id) values (2478,"Patipukur",6);
insert into locality(id, name, city_id) values (2479,"Patuli",6);
insert into locality(id, name, city_id) values (2480,"Phoolbagan",6);
insert into locality(id, name, city_id) values (2481,"Picnic Garden",6);
insert into locality(id, name, city_id) values (2482,"Pipli",6);
insert into locality(id, name, city_id) values (2483,"Poddar Nagar",6);
insert into locality(id, name, city_id) values (2484,"Pollock Street",6);
insert into locality(id, name, city_id) values (2485,"Prince Anwar Shah Road",6);
insert into locality(id, name, city_id) values (2486,"Prince Golam Mohammad Road",6);
insert into locality(id, name, city_id) values (2487,"Princep Street",6);
insert into locality(id, name, city_id) values (2488,"Purba Barisha",6);
insert into locality(id, name, city_id) values (2489,"Purba Putiary",6);
insert into locality(id, name, city_id) values (2490,"Purbachal",6);
insert into locality(id, name, city_id) values (2491,"Purbalok",6);
insert into locality(id, name, city_id) values (2492,"Purna Das Road",6);
insert into locality(id, name, city_id) values (2493,"Putuapara",6);
insert into locality(id, name, city_id) values (2494,"Rabindra Nagar",6);
insert into locality(id, name, city_id) values (2495,"Rabindra Sarovar",6);
insert into locality(id, name, city_id) values (2496,"Rabindrapally",6);
insert into locality(id, name, city_id) values (2497,"Radha Bazar",6);
insert into locality(id, name, city_id) values (2498,"Rafi Ahmed Kidwai Road",6);
insert into locality(id, name, city_id) values (2499,"Raghunathpur",6);
insert into locality(id, name, city_id) values (2500,"Rahara",6);
insert into locality(id, name, city_id) values (2501,"Rail Pukur",6);
insert into locality(id, name, city_id) values (2502,"Raipur Jorabagan Road",6);
insert into locality(id, name, city_id) values (2503,"Raja Ram Mohan Roy Road",6);
insert into locality(id, name, city_id) values (2504,"Raja Ram Mohan Sarani",6);
insert into locality(id, name, city_id) values (2505,"Raja Santosh Road",6);
insert into locality(id, name, city_id) values (2506,"Raja Subodh Chandra Mullick Road",6);
insert into locality(id, name, city_id) values (2507,"Rajabagan",6);
insert into locality(id, name, city_id) values (2508,"Rajarhat",6);
insert into locality(id, name, city_id) values (2509,"Rajarhat New Town",6);
insert into locality(id, name, city_id) values (2510,"Rajarhat Road",6);
insert into locality(id, name, city_id) values (2511,"Rajbari",6);
insert into locality(id, name, city_id) values (2512,"Rajdanga Gardens",6);
insert into locality(id, name, city_id) values (2513,"Rajpur Cho",6);
insert into locality(id, name, city_id) values (2514,"Rajpur Sonarpur",6);
insert into locality(id, name, city_id) values (2515,"Ram Bagan",6);
insert into locality(id, name, city_id) values (2516,"Ram Krishna Samadhi Road",6);
insert into locality(id, name, city_id) values (2517,"Ramchandrapur",6);
insert into locality(id, name, city_id) values (2518,"Ramrajtala",6);
insert into locality(id, name, city_id) values (2519,"Ranabhutia",6);
insert into locality(id, name, city_id) values (2520,"Ranikuthi",6);
insert into locality(id, name, city_id) values (2521,"Rasapunja",6);
insert into locality(id, name, city_id) values (2522,"Rash Behari Avenue",6);
insert into locality(id, name, city_id) values (2523,"Rathtala",6);
insert into locality(id, name, city_id) values (2524,"Raypur",6);
insert into locality(id, name, city_id) values (2525,"Regent Park",6);
insert into locality(id, name, city_id) values (2526,"Rekjuani",6);
insert into locality(id, name, city_id) values (2527,"Rishra",6);
insert into locality(id, name, city_id) values (2528,"Rowland Road",6);
insert into locality(id, name, city_id) values (2529,"Roy Bahadur Road",6);
insert into locality(id, name, city_id) values (2530,"Roychak",6);
insert into locality(id, name, city_id) values (2531,"Royd Street",6);
insert into locality(id, name, city_id) values (2532,"Russel Street",6);
insert into locality(id, name, city_id) values (2533,"S K Dev Road",6);
insert into locality(id, name, city_id) values (2534,"Sahanagar",6);
insert into locality(id, name, city_id) values (2535,"Sahitya Parisad",6);
insert into locality(id, name, city_id) values (2536,"Sakher Bazar",6);
insert into locality(id, name, city_id) values (2537,"Salkia",6);
insert into locality(id, name, city_id) values (2538,"Salt Lake City",6);
insert into locality(id, name, city_id) values (2539,"Salt Lake Sector V",6);
insert into locality(id, name, city_id) values (2540,"Samali",6);
insert into locality(id, name, city_id) values (2541,"Samukpota",6);
insert into locality(id, name, city_id) values (2542,"Sankaritola",6);
insert into locality(id, name, city_id) values (2543,"Sankharipota",6);
insert into locality(id, name, city_id) values (2544,"Sankrail",6);
insert into locality(id, name, city_id) values (2545,"Santoshpur",6);
insert into locality(id, name, city_id) values (2546,"Santragachhi",6);
insert into locality(id, name, city_id) values (2547,"Sapuipara",6);
insert into locality(id, name, city_id) values (2548,"Sarat Bose Road",6);
insert into locality(id, name, city_id) values (2549,"Sarat Chatterjee Rd",6);
insert into locality(id, name, city_id) values (2550,"Sarsoona",6);
insert into locality(id, name, city_id) values (2551,"Satgachi",6);
insert into locality(id, name, city_id) values (2552,"Satpukur",6);
insert into locality(id, name, city_id) values (2553,"Sealdah",6);
insert into locality(id, name, city_id) values (2554,"Sector II",6);
insert into locality(id, name, city_id) values (2555,"Sector III",6);
insert into locality(id, name, city_id) values (2556,"Sector V",6);
insert into locality(id, name, city_id) values (2557,"Selimpur",6);
insert into locality(id, name, city_id) values (2558,"Senhati",6);
insert into locality(id, name, city_id) values (2559,"Serampore",6);
insert into locality(id, name, city_id) values (2560,"Sethbagan",6);
insert into locality(id, name, city_id) values (2561,"Shakespeare Sarani",6);
insert into locality(id, name, city_id) values (2562,"Shalimar",6);
insert into locality(id, name, city_id) values (2563,"Shibpur",6);
insert into locality(id, name, city_id) values (2564,"Shibrampur Mauza",6);
insert into locality(id, name, city_id) values (2565,"Shobhabazar",6);
insert into locality(id, name, city_id) values (2566,"Shyam Nagar",6);
insert into locality(id, name, city_id) values (2567,"Shyambazar",6);
insert into locality(id, name, city_id) values (2568,"Simla",6);
insert into locality(id, name, city_id) values (2569,"Singur",6);
insert into locality(id, name, city_id) values (2570,"Sinthi",6);
insert into locality(id, name, city_id) values (2571,"Sirity",6);
insert into locality(id, name, city_id) values (2572,"Sodepur",6);
insert into locality(id, name, city_id) values (2573,"Sonai",6);
insert into locality(id, name, city_id) values (2574,"Sonarpur",6);
insert into locality(id, name, city_id) values (2575,"Sooterkin Street",6);
insert into locality(id, name, city_id) values (2576,"South Dum Dum",6);
insert into locality(id, name, city_id) values (2577,"South End Park",6);
insert into locality(id, name, city_id) values (2578,"Southern Avenue",6);
insert into locality(id, name, city_id) values (2579,"Sreerampur",6);
insert into locality(id, name, city_id) values (2580,"Srinagar",6);
insert into locality(id, name, city_id) values (2581,"Sripur",6);
insert into locality(id, name, city_id) values (2582,"Strand Road",6);
insert into locality(id, name, city_id) values (2583,"Stuart Ln",6);
insert into locality(id, name, city_id) values (2584,"Subhasgram",6);
insert into locality(id, name, city_id) values (2585,"Subhashnagar",6);
insert into locality(id, name, city_id) values (2586,"Sudder Street",6);
insert into locality(id, name, city_id) values (2587,"Suren Sarkar Road",6);
insert into locality(id, name, city_id) values (2588,"T.c.road",6);
insert into locality(id, name, city_id) values (2589,"Tagore Park",6);
insert into locality(id, name, city_id) values (2590,"Tala",6);
insert into locality(id, name, city_id) values (2591,"Talbanda",6);
insert into locality(id, name, city_id) values (2592,"Taltala",6);
insert into locality(id, name, city_id) values (2593,"Tangra",6);
insert into locality(id, name, city_id) values (2594,"Taratala",6);
insert into locality(id, name, city_id) values (2595,"Taratala Road",6);
insert into locality(id, name, city_id) values (2596,"Teghoria",6);
insert into locality(id, name, city_id) values (2597,"Tentulkuli",6);
insert into locality(id, name, city_id) values (2598,"Thakurpukur",6);
insert into locality(id, name, city_id) values (2599,"Thakurpukur Bibirhat Bakhrahat Raipur Road",6);
insert into locality(id, name, city_id) values (2600,"Tikiapara",6);
insert into locality(id, name, city_id) values (2601,"Tiljala",6);
insert into locality(id, name, city_id) values (2602,"Tiretta Bazar",6);
insert into locality(id, name, city_id) values (2603,"Tollygunge",6);
insert into locality(id, name, city_id) values (2604,"Topsia",6);
insert into locality(id, name, city_id) values (2605,"Topsia Road",6);
insert into locality(id, name, city_id) values (2606,"Ultadanga",6);
insert into locality(id, name, city_id) values (2607,"Ultadanga",6);
insert into locality(id, name, city_id) values (2608,"Uluberia",6);
insert into locality(id, name, city_id) values (2609,"Uttar Gauripur",6);
insert into locality(id, name, city_id) values (2610,"Uttarpara",6);
insert into locality(id, name, city_id) values (2611,"V.I.P. Road",6);
insert into locality(id, name, city_id) values (2612,"Vaishya Sabha",6);
insert into locality(id, name, city_id) values (2613,"Vivekananda Sarani",6);
insert into locality(id, name, city_id) values (2614,"Watgunge",6);
------------------------------------------------
insert into city(id, name) values (7,"Mumbai");
insert into locality(id, name, city_id) values (2615,"Aarey Milk Colony",7);
insert into locality(id, name, city_id) values (2616,"Aarey Road",7);
insert into locality(id, name, city_id) values (2617,"Agashi",7);
insert into locality(id, name, city_id) values (2618,"Agripada",7);
insert into locality(id, name, city_id) values (2619,"Alibag",7);
insert into locality(id, name, city_id) values (2620,"Altamount Road",7);
insert into locality(id, name, city_id) values (2621,"Ambernath",7);
insert into locality(id, name, city_id) values (2622,"Ambernath East",7);
insert into locality(id, name, city_id) values (2623,"Ambernath West",7);
insert into locality(id, name, city_id) values (2624,"Ambewadi",7);
insert into locality(id, name, city_id) values (2625,"Ambivali",7);
insert into locality(id, name, city_id) values (2626,"Amboli",7);
insert into locality(id, name, city_id) values (2627,"Andheri East",7);
insert into locality(id, name, city_id) values (2628,"Andheri West",7);
insert into locality(id, name, city_id) values (2629,"Andheri-Kurla Road",7);
insert into locality(id, name, city_id) values (2630,"Anjurdive",7);
insert into locality(id, name, city_id) values (2631,"Antop Hill",7);
insert into locality(id, name, city_id) values (2632,"Anushakti Nagar",7);
insert into locality(id, name, city_id) values (2633,"Arya Nagar",7);
insert into locality(id, name, city_id) values (2634,"Asalpha",7);
insert into locality(id, name, city_id) values (2635,"Asangaon",7);
insert into locality(id, name, city_id) values (2636,"Atgaon",7);
insert into locality(id, name, city_id) values (2637,"Azad Nagar",7);
insert into locality(id, name, city_id) values (2638,"B N Bhavan",7);
insert into locality(id, name, city_id) values (2639,"B P Lane",7);
insert into locality(id, name, city_id) values (2640,"B P T Colony",7);
insert into locality(id, name, city_id) values (2641,"Badlapur East",7);
insert into locality(id, name, city_id) values (2642,"Badlapur West",7);
insert into locality(id, name, city_id) values (2643,"Ballard Estate",7);
insert into locality(id, name, city_id) values (2644,"Bandra East",7);
insert into locality(id, name, city_id) values (2645,"Bandra Kurla Complex",7);
insert into locality(id, name, city_id) values (2646,"Bandra West",7);
insert into locality(id, name, city_id) values (2647,"Bangur Nagar",7);
insert into locality(id, name, city_id) values (2648,"Barc",7);
insert into locality(id, name, city_id) values (2649,"Barve Nagar",7);
insert into locality(id, name, city_id) values (2650,"Bazargate",7);
insert into locality(id, name, city_id) values (2651,"Behram Baug",7);
insert into locality(id, name, city_id) values (2652,"Best Nagar",7);
insert into locality(id, name, city_id) values (2653,"Best Staff Colony",7);
insert into locality(id, name, city_id) values (2654,"Beverly Park",7);
insert into locality(id, name, city_id) values (2655,"Bhandup Complex",7);
insert into locality(id, name, city_id) values (2656,"Bhandup East",7);
insert into locality(id, name, city_id) values (2657,"Bhandup West",7);
insert into locality(id, name, city_id) values (2658,"Bharam Nagar",7);
insert into locality(id, name, city_id) values (2659,"Bharat Nagar",7);
insert into locality(id, name, city_id) values (2660,"Bhawani Shankar Rd",7);
insert into locality(id, name, city_id) values (2661,"Bhayandar",7);
insert into locality(id, name, city_id) values (2662,"Bhayandar West",7);
insert into locality(id, name, city_id) values (2663,"Bhayander East",7);
insert into locality(id, name, city_id) values (2664,"Bhivpuri",7);
insert into locality(id, name, city_id) values (2665,"Bhuleshwar",7);
insert into locality(id, name, city_id) values (2666,"Borivali East",7);
insert into locality(id, name, city_id) values (2667,"Borivali West",7);
insert into locality(id, name, city_id) values (2668,"Breach Candy",7);
insert into locality(id, name, city_id) values (2669,"Byculla",7);
insert into locality(id, name, city_id) values (2670,"Byculla East",7);
insert into locality(id, name, city_id) values (2671,"Byculla West",7);
insert into locality(id, name, city_id) values (2672,"C G S Colony",7);
insert into locality(id, name, city_id) values (2673,"C.P. Tank",7);
insert into locality(id, name, city_id) values (2674,"Carter Road",7);
insert into locality(id, name, city_id) values (2675,"Central Building",7);
insert into locality(id, name, city_id) values (2676,"Century Mill",7);
insert into locality(id, name, city_id) values (2677,"Chakala",7);
insert into locality(id, name, city_id) values (2678,"Chamarbaug",7);
insert into locality(id, name, city_id) values (2679,"Chandivali",7);
insert into locality(id, name, city_id) values (2680,"Charkop",7);
insert into locality(id, name, city_id) values (2681,"Charni Road",7);
insert into locality(id, name, city_id) values (2682,"Chedda Nagar",7);
insert into locality(id, name, city_id) values (2683,"Chembur",7);
insert into locality(id, name, city_id) values (2684,"Chembur Colony",7);
insert into locality(id, name, city_id) values (2685,"Chikoowadi",7);
insert into locality(id, name, city_id) values (2686,"Chinch Bunder",7);
insert into locality(id, name, city_id) values (2687,"Chinchoti",7);
insert into locality(id, name, city_id) values (2688,"Chinchpada",7);
insert into locality(id, name, city_id) values (2689,"Chinchpokli",7);
insert into locality(id, name, city_id) values (2690,"Chira Bazar",7);
insert into locality(id, name, city_id) values (2691,"Chuna Bhatti",7);
insert into locality(id, name, city_id) values (2692,"Chunnabhatti",7);
insert into locality(id, name, city_id) values (2693,"Churchgate",7);
insert into locality(id, name, city_id) values (2694,"Colaba",7);
insert into locality(id, name, city_id) values (2695,"Colaba Bazar",7);
insert into locality(id, name, city_id) values (2696,"Cotton Exchange",7);
insert into locality(id, name, city_id) values (2697,"Cotton Green",7);
insert into locality(id, name, city_id) values (2698,"Crawford Market",7);
insert into locality(id, name, city_id) values (2699,"Cuffe Parade",7);
insert into locality(id, name, city_id) values (2700,"Cumbala Hill",7);
insert into locality(id, name, city_id) values (2701,"Curry Road",7);
insert into locality(id, name, city_id) values (2702,"D M Colony",7);
insert into locality(id, name, city_id) values (2703,"Dadar East",7);
insert into locality(id, name, city_id) values (2704,"Dadar West",7);
insert into locality(id, name, city_id) values (2705,"Dahanu Road",7);
insert into locality(id, name, city_id) values (2706,"Dahisar",7);
insert into locality(id, name, city_id) values (2707,"Dahisar East",7);
insert into locality(id, name, city_id) values (2708,"Dahisar West",7);
insert into locality(id, name, city_id) values (2709,"Danda",7);
insert into locality(id, name, city_id) values (2710,"Dapode",7);
insert into locality(id, name, city_id) values (2711,"Daulat Nagar",7);
insert into locality(id, name, city_id) values (2712,"Delisle Road",7);
insert into locality(id, name, city_id) values (2713,"Deodal",7);
insert into locality(id, name, city_id) values (2714,"Deonar",7);
insert into locality(id, name, city_id) values (2715,"Dhamane",7);
insert into locality(id, name, city_id) values (2716,"Dhamote",7);
insert into locality(id, name, city_id) values (2717,"Dhaniv",7);
insert into locality(id, name, city_id) values (2718,"Dharavi",7);
insert into locality(id, name, city_id) values (2719,"Dharavi Road",7);
insert into locality(id, name, city_id) values (2720,"Dindoshi",7);
insert into locality(id, name, city_id) values (2721,"Dive",7);
insert into locality(id, name, city_id) values (2722,"Dockyard Road",7);
insert into locality(id, name, city_id) values (2723,"Dombivli East",7);
insert into locality(id, name, city_id) values (2724,"Dombivli West",7);
insert into locality(id, name, city_id) values (2725,"Dongri",7);
insert into locality(id, name, city_id) values (2726,"Dr Deshmukh Marg",7);
insert into locality(id, name, city_id) values (2727,"Dunge",7);
insert into locality(id, name, city_id) values (2728,"Elphinston",7);
insert into locality(id, name, city_id) values (2729,"Elphinstone Road",7);
insert into locality(id, name, city_id) values (2730,"Evershine Nagar",7);
insert into locality(id, name, city_id) values (2731,"Falkland Road",7);
insert into locality(id, name, city_id) values (2732,"Fci",7);
insert into locality(id, name, city_id) values (2733,"Firangpada",7);
insert into locality(id, name, city_id) values (2734,"Fort",7);
insert into locality(id, name, city_id) values (2735,"Gaibi Nagar",7);
insert into locality(id, name, city_id) values (2736,"Gamdevi",7);
insert into locality(id, name, city_id) values (2737,"Gandhi Nagar",7);
insert into locality(id, name, city_id) values (2738,"Gane",7);
insert into locality(id, name, city_id) values (2739,"Ghatkopar East",7);
insert into locality(id, name, city_id) values (2740,"Ghatkopar West",7);
insert into locality(id, name, city_id) values (2741,"Ghera Sudhagad",7);
insert into locality(id, name, city_id) values (2742,"Ghodbunder",7);
insert into locality(id, name, city_id) values (2743,"Girgaon",7);
insert into locality(id, name, city_id) values (2744,"Gokhale Road",7);
insert into locality(id, name, city_id) values (2745,"Gokuldam",7);
insert into locality(id, name, city_id) values (2746,"Gokuldham Colony",7);
insert into locality(id, name, city_id) values (2747,"Gorai",7);
insert into locality(id, name, city_id) values (2748,"Goregaon East",7);
insert into locality(id, name, city_id) values (2749,"Goregaon West",7);
insert into locality(id, name, city_id) values (2750,"Govandi",7);
insert into locality(id, name, city_id) values (2751,"Government Colony",7);
insert into locality(id, name, city_id) values (2752,"Govind Nagar",7);
insert into locality(id, name, city_id) values (2753,"Gowalia Tank",7);
insert into locality(id, name, city_id) values (2754,"Grant Road",7);
insert into locality(id, name, city_id) values (2755,"Grant Road East",7);
insert into locality(id, name, city_id) values (2756,"Grant Road West",7);
insert into locality(id, name, city_id) values (2757,"GTB Nagar",7);
insert into locality(id, name, city_id) values (2758,"Gulmohar Road",7);
insert into locality(id, name, city_id) values (2759,"H.m.p. School",7);
insert into locality(id, name, city_id) values (2760,"Haffkin Institute",7);
insert into locality(id, name, city_id) values (2761,"Haines Road",7);
insert into locality(id, name, city_id) values (2762,"Haji Ali",7);
insert into locality(id, name, city_id) values (2763,"Hanuman Road",7);
insert into locality(id, name, city_id) values (2764,"High Court Building",7);
insert into locality(id, name, city_id) values (2765,"I Block BKC",7);
insert into locality(id, name, city_id) values (2766,"IC Colony",7);
insert into locality(id, name, city_id) values (2767,"Powai",7);
insert into locality(id, name, city_id) values (2768,"Ins Hamla",7);
insert into locality(id, name, city_id) values (2769,"Irla",7);
insert into locality(id, name, city_id) values (2770,"J.b. Nagar",7);
insert into locality(id, name, city_id) values (2771,"J.j.hospital",7);
insert into locality(id, name, city_id) values (2772,"J.m. Road",7);
insert into locality(id, name, city_id) values (2773,"Jacob Circle",7);
insert into locality(id, name, city_id) values (2774,"Jawaharlal Nehru Road",7);
insert into locality(id, name, city_id) values (2775,"Jawhar",7);
insert into locality(id, name, city_id) values (2776,"Jogeshwari East",7);
insert into locality(id, name, city_id) values (2777,"Jogeshwari West",7);
insert into locality(id, name, city_id) values (2778,"Juhu",7);
insert into locality(id, name, city_id) values (2779,"Juhu Tara Road",7);
insert into locality(id, name, city_id) values (2780,"Kajupada",7);
insert into locality(id, name, city_id) values (2781,"Kalachowki",7);
insert into locality(id, name, city_id) values (2782,"Kalbadevi",7);
insert into locality(id, name, city_id) values (2783,"Kalher",7);
insert into locality(id, name, city_id) values (2784,"Kalina",7);
insert into locality(id, name, city_id) values (2785,"Kalwar",7);
insert into locality(id, name, city_id) values (2786,"Kalyan East",7);
insert into locality(id, name, city_id) values (2787,"Kalyan West",7);
insert into locality(id, name, city_id) values (2788,"Kalyan-Shil Road",7);
insert into locality(id, name, city_id) values (2789,"Kaman",7);
insert into locality(id, name, city_id) values (2790,"Kamatghar",7);
insert into locality(id, name, city_id) values (2791,"Kamathipura",7);
insert into locality(id, name, city_id) values (2792,"Kanakia Road",7);
insert into locality(id, name, city_id) values (2793,"Kandivali East",7);
insert into locality(id, name, city_id) values (2794,"Kandivali West",7);
insert into locality(id, name, city_id) values (2795,"Kaner",7);
insert into locality(id, name, city_id) values (2796,"Kanjur Marg East",7);
insert into locality(id, name, city_id) values (2797,"Kanjurmarg",7);
insert into locality(id, name, city_id) values (2798,"Kannamwar Nagar",7);
insert into locality(id, name, city_id) values (2799,"Kanti Park",7);
insert into locality(id, name, city_id) values (2800,"Kapada Bazar",7);
insert into locality(id, name, city_id) values (2801,"Kasara Budruk",7);
insert into locality(id, name, city_id) values (2802,"Kasarali",7);
insert into locality(id, name, city_id) values (2803,"Kasaravadi",7);
insert into locality(id, name, city_id) values (2804,"Kasheli",7);
insert into locality(id, name, city_id) values (2805,"Kashidkopar",7);
insert into locality(id, name, city_id) values (2806,"Kashimira",7);
insert into locality(id, name, city_id) values (2807,"Kemps Corner",7);
insert into locality(id, name, city_id) values (2808,"Ketkipada B.o",7);
insert into locality(id, name, city_id) values (2809,"Khadaki Bk.",7);
insert into locality(id, name, city_id) values (2810,"Khairpada",7);
insert into locality(id, name, city_id) values (2811,"Khandas Road",7);
insert into locality(id, name, city_id) values (2812,"Khar",7);
insert into locality(id, name, city_id) values (2813,"Khar Colony",7);
insert into locality(id, name, city_id) values (2814,"Khar Danda",7);
insert into locality(id, name, city_id) values (2815,"Khar East",7);
insert into locality(id, name, city_id) values (2816,"Khar West",7);
insert into locality(id, name, city_id) values (2817,"Kharbao",7);
insert into locality(id, name, city_id) values (2818,"Khardi",7);
insert into locality(id, name, city_id) values (2819,"Kharodi",7);
insert into locality(id, name, city_id) values (2820,"Kherwadi",7);
insert into locality(id, name, city_id) values (2821,"Khopoli",7);
insert into locality(id, name, city_id) values (2822,"Kidwai Nagar",7);
insert into locality(id, name, city_id) values (2823,"King Circle",7);
insert into locality(id, name, city_id) values (2824,"Kolad",7);
insert into locality(id, name, city_id) values (2825,"Kon",7);
insert into locality(id, name, city_id) values (2826,"Koshimbe",7);
insert into locality(id, name, city_id) values (2827,"Kuhe",7);
insert into locality(id, name, city_id) values (2828,"Kumbharwada",7);
insert into locality(id, name, city_id) values (2829,"Kurla East",7);
insert into locality(id, name, city_id) values (2830,"Kurla West",7);
insert into locality(id, name, city_id) values (2831,"Lalbaug",7);
insert into locality(id, name, city_id) values (2832,"Lamington Road",7);
insert into locality(id, name, city_id) values (2833,"LBS Marg",7);
insert into locality(id, name, city_id) values (2834,"Liberty Garden",7);
insert into locality(id, name, city_id) values (2835,"Linking Road",7);
insert into locality(id, name, city_id) values (2836,"Lokhandwala",7);
insert into locality(id, name, city_id) values (2837,"Lonere",7);
insert into locality(id, name, city_id) values (2838,"Lower Parel",7);
insert into locality(id, name, city_id) values (2839,"M A Marg",7);
insert into locality(id, name, city_id) values (2840,"Madanpura",7);
insert into locality(id, name, city_id) values (2841,"Madh",7);
insert into locality(id, name, city_id) values (2842,"Madhavbaug",7);
insert into locality(id, name, city_id) values (2843,"Magathane",7);
insert into locality(id, name, city_id) values (2844,"Magthane B.o",7);
insert into locality(id, name, city_id) values (2845,"Mahad",7);
insert into locality(id, name, city_id) values (2846,"Mahalaxmi",7);
insert into locality(id, name, city_id) values (2847,"Mahavir Nagar",7);
insert into locality(id, name, city_id) values (2848,"Mahim",7);
insert into locality(id, name, city_id) values (2849,"Mahim East",7);
insert into locality(id, name, city_id) values (2850,"Mahul",7);
insert into locality(id, name, city_id) values (2851,"Majivali",7);
insert into locality(id, name, city_id) values (2852,"Malabar Hill",7);
insert into locality(id, name, city_id) values (2853,"Malad East",7);
insert into locality(id, name, city_id) values (2854,"Malad West",7);
insert into locality(id, name, city_id) values (2855,"Mandapeshwar",7);
insert into locality(id, name, city_id) values (2856,"Mandvi",7);
insert into locality(id, name, city_id) values (2857,"Mankhurd",7);
insert into locality(id, name, city_id) values (2858,"Manor",7);
insert into locality(id, name, city_id) values (2859,"Manori",7);
insert into locality(id, name, city_id) values (2860,"Mantralaya",7);
insert into locality(id, name, city_id) values (2861,"Marine Lines",7);
insert into locality(id, name, city_id) values (2862,"Marol",7);
insert into locality(id, name, city_id) values (2863,"Marve",7);
insert into locality(id, name, city_id) values (2864,"Masjid Bunder",7);
insert into locality(id, name, city_id) values (2865,"Matunga East",7);
insert into locality(id, name, city_id) values (2866,"Matunga West",7);
insert into locality(id, name, city_id) values (2867,"Mazgaon",7);
insert into locality(id, name, city_id) values (2868,"MHADA Colony",7);
insert into locality(id, name, city_id) values (2869,"Mira Bhayandar",7);
insert into locality(id, name, city_id) values (2870,"Mira Road",7);
insert into locality(id, name, city_id) values (2871,"Mori",7);
insert into locality(id, name, city_id) values (2872,"Mori Road",7);
insert into locality(id, name, city_id) values (2873,"Motilal Nagar",7);
insert into locality(id, name, city_id) values (2874,"Mulund Colony",7);
insert into locality(id, name, city_id) values (2875,"Mulund East",7);
insert into locality(id, name, city_id) values (2876,"Mulund West",7);
insert into locality(id, name, city_id) values (2877,"Mumbai Central",7);
insert into locality(id, name, city_id) values (2878,"Mumbai G.p.o.",7);
insert into locality(id, name, city_id) values (2879,"Murbad Karjat Road",7);
insert into locality(id, name, city_id) values (2880,"Murbad Road",7);
insert into locality(id, name, city_id) values (2881,"Murud",7);
insert into locality(id, name, city_id) values (2882,"N.s.patkar Marg",7);
insert into locality(id, name, city_id) values (2883,"Nagardas Road",7);
insert into locality(id, name, city_id) values (2884,"Nagari Niwara",7);
insert into locality(id, name, city_id) values (2885,"Nagdevi",7);
insert into locality(id, name, city_id) values (2886,"Nagpada",7);
insert into locality(id, name, city_id) values (2887,"Nahur",7);
insert into locality(id, name, city_id) values (2888,"Nahur West",7);
insert into locality(id, name, city_id) values (2889,"Naigaon",7);
insert into locality(id, name, city_id) values (2890,"Naigaon East",7);
insert into locality(id, name, city_id) values (2891,"Naigaon West",7);
insert into locality(id, name, city_id) values (2892,"Nalasopara East",7);
insert into locality(id, name, city_id) values (2893,"Nalasopara West",7);
insert into locality(id, name, city_id) values (2894,"Nariman Point",7);
insert into locality(id, name, city_id) values (2895,"Navagaon",7);
insert into locality(id, name, city_id) values (2896,"Navapada",7);
insert into locality(id, name, city_id) values (2897,"Navghar",7);
insert into locality(id, name, city_id) values (2898,"Navghar Road",7);
insert into locality(id, name, city_id) values (2899,"Naya Nagar",7);
insert into locality(id, name, city_id) values (2900,"Nehru Nagar",7);
insert into locality(id, name, city_id) values (2901,"Nepean Sea Road",7);
insert into locality(id, name, city_id) values (2902,"Neral",7);
insert into locality(id, name, city_id) values (2903,"Netajinagar",7);
insert into locality(id, name, city_id) values (2904,"Noor Baug",7);
insert into locality(id, name, city_id) values (2905,"Null Bazar",7);
insert into locality(id, name, city_id) values (2906,"Old Navy Nagar",7);
insert into locality(id, name, city_id) values (2907,"Opera House",7);
insert into locality(id, name, city_id) values (2908,"Orlem",7);
insert into locality(id, name, city_id) values (2909,"Oshiwara",7);
insert into locality(id, name, city_id) values (2910,"Padma Nagar",7);
insert into locality(id, name, city_id) values (2911,"Pali",7);
insert into locality(id, name, city_id) values (2912,"Pali Hill",7);
insert into locality(id, name, city_id) values (2913,"Palivali",7);
insert into locality(id, name, city_id) values (2914,"Pant Nagar",7);
insert into locality(id, name, city_id) values (2915,"Parel",7);
insert into locality(id, name, city_id) values (2916,"Parel Naka",7);
insert into locality(id, name, city_id) values (2917,"Parol",7);
insert into locality(id, name, city_id) values (2918,"Paye Gaon",7);
insert into locality(id, name, city_id) values (2919,"Peddar Ro",7);
insert into locality(id, name, city_id) values (2920,"Peddar Road",7);
insert into locality(id, name, city_id) values (2921,"Pelhar",7);
insert into locality(id, name, city_id) values (2922,"Poman",7);
insert into locality(id, name, city_id) values (2923,"Poonam Nagar",7);
insert into locality(id, name, city_id) values (2924,"Powai",7);
insert into locality(id, name, city_id) values (2925,"Prabhadevi",7);
insert into locality(id, name, city_id) values (2926,"Princess Dock",7);
insert into locality(id, name, city_id) values (2927,"Pydhonie",7);
insert into locality(id, name, city_id) values (2928,"R.a.nagar",7);
insert into locality(id, name, city_id) values (2929,"Rai Village",7);
insert into locality(id, name, city_id) values (2930,"Raigad",7);
insert into locality(id, name, city_id) values (2931,"Rajawadi",7);
insert into locality(id, name, city_id) values (2932,"Rajbhavan",7);
insert into locality(id, name, city_id) values (2933,"Rajendra Nagar",7);
insert into locality(id, name, city_id) values (2934,"Ramabai Ambedkar Nagar",7);
insert into locality(id, name, city_id) values (2935,"Ramnagar",7);
insert into locality(id, name, city_id) values (2936,"Ramwadi",7);
insert into locality(id, name, city_id) values (2937,"Ranade Road",7);
insert into locality(id, name, city_id) values (2938,"Rani Sati Marg",7);
insert into locality(id, name, city_id) values (2939,"Raoli Camp",7);
insert into locality(id, name, city_id) values (2940,"Reay Road",7);
insert into locality(id, name, city_id) values (2941,"Roha",7);
insert into locality(id, name, city_id) values (2942,"Royal Palms",7);
insert into locality(id, name, city_id) values (2943,"S R P F Camp",7);
insert into locality(id, name, city_id) values (2944,"S V Marg",7);
insert into locality(id, name, city_id) values (2945,"S. C. Court",7);
insert into locality(id, name, city_id) values (2946,"Sahakar Bhavan",7);
insert into locality(id, name, city_id) values (2947,"Sahar Road",7);
insert into locality(id, name, city_id) values (2948,"Sakawar",7);
insert into locality(id, name, city_id) values (2949,"Saki Naka",7);
insert into locality(id, name, city_id) values (2950,"Saki Vihar Road",7);
insert into locality(id, name, city_id) values (2951,"Sakinaka 90 Feet Road",7);
insert into locality(id, name, city_id) values (2952,"Samata Nagar",7);
insert into locality(id, name, city_id) values (2953,"Sangam Nagar",7);
insert into locality(id, name, city_id) values (2954,"Santacruz East",7);
insert into locality(id, name, city_id) values (2955,"Santacruz West",7);
insert into locality(id, name, city_id) values (2956,"Saralgoan",7);
insert into locality(id, name, city_id) values (2957,"Saravali",7);
insert into locality(id, name, city_id) values (2958,"Sarvodaya Nagar",7);
insert into locality(id, name, city_id) values (2959,"Sativali",7);
insert into locality(id, name, city_id) values (2960,"Secretariat",7);
insert into locality(id, name, city_id) values (2961,"SEEPZ",7);
insert into locality(id, name, city_id) values (2962,"Senapati Bapat Marg",7);
insert into locality(id, name, city_id) values (2963,"Sewree",7);
insert into locality(id, name, city_id) values (2964,"Sewri",7);
insert into locality(id, name, city_id) values (2965,"Sharma Estate",7);
insert into locality(id, name, city_id) values (2966,"Shastri Nagar",7);
insert into locality(id, name, city_id) values (2967,"Shelu",7);
insert into locality(id, name, city_id) values (2968,"Shirgaon",7);
insert into locality(id, name, city_id) values (2969,"Shirsad",7);
insert into locality(id, name, city_id) values (2970,"Shirwali",7);
insert into locality(id, name, city_id) values (2971,"Shivaji Nagar",7);
insert into locality(id, name, city_id) values (2972,"Shivaji Park",7);
insert into locality(id, name, city_id) values (2973,"Sindhi Society",7);
insert into locality(id, name, city_id) values (2974,"Sindhu Nagar",7);
insert into locality(id, name, city_id) values (2975,"Sion",7);
insert into locality(id, name, city_id) values (2976,"Sion East",7);
insert into locality(id, name, city_id) values (2977,"Sion West",7);
insert into locality(id, name, city_id) values (2978,"Sir JJ Road",7);
insert into locality(id, name, city_id) values (2979,"Stock Exchange",7);
insert into locality(id, name, city_id) values (2980,"Subhash Nagar",7);
insert into locality(id, name, city_id) values (2981,"Tagore Nagar",7);
insert into locality(id, name, city_id) values (2982,"Tajmahal",7);
insert into locality(id, name, city_id) values (2983,"Tank Road",7);
insert into locality(id, name, city_id) values (2984,"Tardeo",7);
insert into locality(id, name, city_id) values (2985,"Thakurdwar",7);
insert into locality(id, name, city_id) values (2986,"Thakurli",7);
insert into locality(id, name, city_id) values (2987,"Tilak Nagar",7);
insert into locality(id, name, city_id) values (2988,"Tilher",7);
insert into locality(id, name, city_id) values (2989,"Titwala",7);
insert into locality(id, name, city_id) values (2990,"Tokare",7);
insert into locality(id, name, city_id) values (2991,"Town Hall",7);
insert into locality(id, name, city_id) values (2992,"Transit Camp",7);
insert into locality(id, name, city_id) values (2993,"Triveni Nagar",7);
insert into locality(id, name, city_id) values (2994,"Trombay",7);
insert into locality(id, name, city_id) values (2995,"Tulsiwadi",7);
insert into locality(id, name, city_id) values (2996,"Ulhasnagar",7);
insert into locality(id, name, city_id) values (2997,"Umerkhadi",7);
insert into locality(id, name, city_id) values (2998,"Umroli",7);
insert into locality(id, name, city_id) values (2999,"Upper Worli",7);
insert into locality(id, name, city_id) values (3000,"Usgaon",7);
insert into locality(id, name, city_id) values (3001,"Usha Nagar",7);
insert into locality(id, name, city_id) values (3002,"Uttan",7);
insert into locality(id, name, city_id) values (3003,"V J B Udyan",7);
insert into locality(id, name, city_id) values (3004,"V K Bhavan",7);
insert into locality(id, name, city_id) values (3005,"Vadunavghar",7);
insert into locality(id, name, city_id) values (3006,"Vakola",7);
insert into locality(id, name, city_id) values (3007,"Vasai East",7);
insert into locality(id, name, city_id) values (3008,"Vasai Nalasopara Link Road",7);
insert into locality(id, name, city_id) values (3009,"Vasai Road",7);
insert into locality(id, name, city_id) values (3010,"Vasai West",7);
insert into locality(id, name, city_id) values (3011,"Veera Desai Road",7);
insert into locality(id, name, city_id) values (3012,"Versova",7);
insert into locality(id, name, city_id) values (3013,"Vesava",7);
insert into locality(id, name, city_id) values (3014,"Vidya Vihar",7);
insert into locality(id, name, city_id) values (3015,"Vidyanagari",7);
insert into locality(id, name, city_id) values (3016,"Vihar Road",7);
insert into locality(id, name, city_id) values (3017,"Vijay Nagar",7);
insert into locality(id, name, city_id) values (3018,"Vikhroli East",7);
insert into locality(id, name, city_id) values (3019,"Vikhroli West",7);
insert into locality(id, name, city_id) values (3020,"Vikramgad",7);
insert into locality(id, name, city_id) values (3021,"Vile Parle East",7);
insert into locality(id, name, city_id) values (3022,"Vile Parle West",7);
insert into locality(id, name, city_id) values (3023,"Virar East",7);
insert into locality(id, name, city_id) values (3024,"Virar West",7);
insert into locality(id, name, city_id) values (3025,"VP Road",7);
insert into locality(id, name, city_id) values (3026,"Wadala",7);
insert into locality(id, name, city_id) values (3027,"Wadala East",7);
insert into locality(id, name, city_id) values (3028,"Wadala Truck Terminal",7);
insert into locality(id, name, city_id) values (3029,"Wadala West",7);
insert into locality(id, name, city_id) values (3030,"Walkeshwar",7);
insert into locality(id, name, city_id) values (3031,"Warden Road",7);
insert into locality(id, name, city_id) values (3032,"Western Express Highway",7);
insert into locality(id, name, city_id) values (3033,"Worli",7);
insert into locality(id, name, city_id) values (3034,"Worli Naka",7);
insert into locality(id, name, city_id) values (3035,"Worli Sea Face",7);
insert into locality(id, name, city_id) values (3036,"Worli Sea Face Road",7);
insert into locality(id, name, city_id) values (3037,"Yari Road",7);
insert into locality(id, name, city_id) values (3038,"Yogi Nagar",7);
------------------------------------------------
insert into city(id, name) values (8,"Noida");
insert into locality(id, name, city_id) values (3039,"Aghapur",8);
insert into locality(id, name, city_id) values (3040,"Ali",8);
insert into locality(id, name, city_id) values (3041,"Badauli",8);
insert into locality(id, name, city_id) values (3042,"Chalera",8);
insert into locality(id, name, city_id) values (3043,"Chhaproli Khader",8);
insert into locality(id, name, city_id) values (3044,"Cosmic Coporate Park Tech Zone",8);
insert into locality(id, name, city_id) values (3045,"Dadri Road",8);
insert into locality(id, name, city_id) values (3046,"Garisamasthipur",8);
insert into locality(id, name, city_id) values (3047,"Gaurcity",8);
insert into locality(id, name, city_id) values (3048,"Hoshiyarpur Village",8);
insert into locality(id, name, city_id) values (3049,"Jaypee Sports City",8);
insert into locality(id, name, city_id) values (3050,"Jhundpura",8);
insert into locality(id, name, city_id) values (3051,"Jp Golf Course",8);
insert into locality(id, name, city_id) values (3052,"Khora Colony",8);
insert into locality(id, name, city_id) values (3053,"Link Road",8);
insert into locality(id, name, city_id) values (3054,"Mohiyapur",8);
insert into locality(id, name, city_id) values (3055,"Nh 91",8);
insert into locality(id, name, city_id) values (3056,"Noida Golf Course",8);
insert into locality(id, name, city_id) values (3057,"Noida-Greater Noida Expressway",8);
insert into locality(id, name, city_id) values (3058,"Noida-Greater Noida Link Rd",8);
insert into locality(id, name, city_id) values (3059,"Parichowk",8);
insert into locality(id, name, city_id) values (3060,"Sec 1 Greater Noida",8);
insert into locality(id, name, city_id) values (3061,"Sec 77",8);
insert into locality(id, name, city_id) values (3062,"Secto",8);
insert into locality(id, name, city_id) values (3063,"Sector 1 West",8);
insert into locality(id, name, city_id) values (3064,"Sector 10",8);
insert into locality(id, name, city_id) values (3065,"Sector 100",8);
insert into locality(id, name, city_id) values (3066,"Sector 101",8);
insert into locality(id, name, city_id) values (3067,"Sector 102",8);
insert into locality(id, name, city_id) values (3068,"Sector 103",8);
insert into locality(id, name, city_id) values (3069,"Sector 104",8);
insert into locality(id, name, city_id) values (3070,"Sector 105",8);
insert into locality(id, name, city_id) values (3071,"Sector 106",8);
insert into locality(id, name, city_id) values (3072,"Sector 107",8);
insert into locality(id, name, city_id) values (3073,"Sector 108",8);
insert into locality(id, name, city_id) values (3074,"Sector 109",8);
insert into locality(id, name, city_id) values (3075,"Sector 11",8);
insert into locality(id, name, city_id) values (3076,"Sector 110",8);
insert into locality(id, name, city_id) values (3077,"Sector 111",8);
insert into locality(id, name, city_id) values (3078,"Sector 112",8);
insert into locality(id, name, city_id) values (3079,"Sector 113",8);
insert into locality(id, name, city_id) values (3080,"Sector 115",8);
insert into locality(id, name, city_id) values (3081,"Sector 116",8);
insert into locality(id, name, city_id) values (3082,"Sector 117",8);
insert into locality(id, name, city_id) values (3083,"Sector 118",8);
insert into locality(id, name, city_id) values (3084,"Sector 119",8);
insert into locality(id, name, city_id) values (3085,"Sector 12",8);
insert into locality(id, name, city_id) values (3086,"Sector 120",8);
insert into locality(id, name, city_id) values (3087,"Sector 121",8);
insert into locality(id, name, city_id) values (3088,"Sector 122",8);
insert into locality(id, name, city_id) values (3089,"Sector 123",8);
insert into locality(id, name, city_id) values (3090,"Sector 124",8);
insert into locality(id, name, city_id) values (3091,"Sector 125",8);
insert into locality(id, name, city_id) values (3092,"Sector 126",8);
insert into locality(id, name, city_id) values (3093,"Sector 127",8);
insert into locality(id, name, city_id) values (3094,"Sector 128",8);
insert into locality(id, name, city_id) values (3095,"Sector 130",8);
insert into locality(id, name, city_id) values (3096,"Sector 131",8);
insert into locality(id, name, city_id) values (3097,"Sector 132",8);
insert into locality(id, name, city_id) values (3098,"Sector 136",8);
insert into locality(id, name, city_id) values (3099,"Sector 137",8);
insert into locality(id, name, city_id) values (3100,"Sector 138",8);
insert into locality(id, name, city_id) values (3101,"Sector 14",8);
insert into locality(id, name, city_id) values (3102,"Sector 140",8);
insert into locality(id, name, city_id) values (3103,"Sector 140a",8);
insert into locality(id, name, city_id) values (3104,"Sector 141",8);
insert into locality(id, name, city_id) values (3105,"Sector 142",8);
insert into locality(id, name, city_id) values (3106,"Sector 143A",8);
insert into locality(id, name, city_id) values (3107,"Sector 143b",8);
insert into locality(id, name, city_id) values (3108,"Sector 144",8);
insert into locality(id, name, city_id) values (3109,"Sector 145",8);
insert into locality(id, name, city_id) values (3110,"Sector 147",8);
insert into locality(id, name, city_id) values (3111,"Sector 148",8);
insert into locality(id, name, city_id) values (3112,"Sector 149",8);
insert into locality(id, name, city_id) values (3113,"Sector 15",8);
insert into locality(id, name, city_id) values (3114,"Sector 150",8);
insert into locality(id, name, city_id) values (3115,"Sector 151",8);
insert into locality(id, name, city_id) values (3116,"Sector 152",8);
insert into locality(id, name, city_id) values (3117,"Sector 153",8);
insert into locality(id, name, city_id) values (3118,"Sector 154",8);
insert into locality(id, name, city_id) values (3119,"Sector 155",8);
insert into locality(id, name, city_id) values (3120,"Sector 156",8);
insert into locality(id, name, city_id) values (3121,"Sector 157",8);
insert into locality(id, name, city_id) values (3122,"Sector 158",8);
insert into locality(id, name, city_id) values (3123,"Sector 159",8);
insert into locality(id, name, city_id) values (3124,"Sector 15A",8);
insert into locality(id, name, city_id) values (3125,"Sector 16",8);
insert into locality(id, name, city_id) values (3126,"Sector 161",8);
insert into locality(id, name, city_id) values (3127,"Sector 163",8);
insert into locality(id, name, city_id) values (3128,"Sector 164",8);
insert into locality(id, name, city_id) values (3129,"Sector 166",8);
insert into locality(id, name, city_id) values (3130,"Sector 167b",8);
insert into locality(id, name, city_id) values (3131,"Sector 168",8);
insert into locality(id, name, city_id) values (3132,"Sector 16A",8);
insert into locality(id, name, city_id) values (3133,"Sector 16c",8);
insert into locality(id, name, city_id) values (3134,"Sector 17A",8);
insert into locality(id, name, city_id) values (3135,"Sector 18",8);
insert into locality(id, name, city_id) values (3136,"Sector 19",8);
insert into locality(id, name, city_id) values (3137,"Sector 2",8);
insert into locality(id, name, city_id) values (3138,"Sector 20",8);
insert into locality(id, name, city_id) values (3139,"Sector 21",8);
insert into locality(id, name, city_id) values (3140,"Sector 21A",8);
insert into locality(id, name, city_id) values (3141,"Sector 22",8);
insert into locality(id, name, city_id) values (3142,"Sector 23",8);
insert into locality(id, name, city_id) values (3143,"Sector 24",8);
insert into locality(id, name, city_id) values (3144,"Sector 25",8);
insert into locality(id, name, city_id) values (3145,"Sector 25A",8);
insert into locality(id, name, city_id) values (3146,"Sector 26",8);
insert into locality(id, name, city_id) values (3147,"Sector 27",8);
insert into locality(id, name, city_id) values (3148,"Sector 28",8);
insert into locality(id, name, city_id) values (3149,"Sector 29",8);
insert into locality(id, name, city_id) values (3150,"Sector 3",8);
insert into locality(id, name, city_id) values (3151,"Sector 30",8);
insert into locality(id, name, city_id) values (3152,"Sector 31",8);
insert into locality(id, name, city_id) values (3153,"Sector 32",8);
insert into locality(id, name, city_id) values (3154,"Sector 33",8);
insert into locality(id, name, city_id) values (3155,"Sector 33A",8);
insert into locality(id, name, city_id) values (3156,"Sector 34",8);
insert into locality(id, name, city_id) values (3157,"Sector 35",8);
insert into locality(id, name, city_id) values (3158,"Sector 36",8);
insert into locality(id, name, city_id) values (3159,"Sector 37",8);
insert into locality(id, name, city_id) values (3160,"Sector 38",8);
insert into locality(id, name, city_id) values (3161,"Sector 39",8);
insert into locality(id, name, city_id) values (3162,"Sector 39A",8);
insert into locality(id, name, city_id) values (3163,"Sector 4",8);
insert into locality(id, name, city_id) values (3164,"Sector 40",8);
insert into locality(id, name, city_id) values (3165,"Sector 41",8);
insert into locality(id, name, city_id) values (3166,"Sector 42",8);
insert into locality(id, name, city_id) values (3167,"Sector 43",8);
insert into locality(id, name, city_id) values (3168,"Sector 44",8);
insert into locality(id, name, city_id) values (3169,"Sector 45",8);
insert into locality(id, name, city_id) values (3170,"Sector 46",8);
insert into locality(id, name, city_id) values (3171,"Sector 47",8);
insert into locality(id, name, city_id) values (3172,"Sector 48",8);
insert into locality(id, name, city_id) values (3173,"Sector 49",8);
insert into locality(id, name, city_id) values (3174,"Sector 5",8);
insert into locality(id, name, city_id) values (3175,"Sector 50",8);
insert into locality(id, name, city_id) values (3176,"Sector 51",8);
insert into locality(id, name, city_id) values (3177,"Sector 52",8);
insert into locality(id, name, city_id) values (3178,"Sector 53",8);
insert into locality(id, name, city_id) values (3179,"Sector 54",8);
insert into locality(id, name, city_id) values (3180,"Sector 55",8);
insert into locality(id, name, city_id) values (3181,"Sector 56",8);
insert into locality(id, name, city_id) values (3182,"Sector 57",8);
insert into locality(id, name, city_id) values (3183,"Sector 58",8);
insert into locality(id, name, city_id) values (3184,"Sector 59",8);
insert into locality(id, name, city_id) values (3185,"Sector 6",8);
insert into locality(id, name, city_id) values (3186,"Sector 60",8);
insert into locality(id, name, city_id) values (3187,"Sector 61",8);
insert into locality(id, name, city_id) values (3188,"Sector 62",8);
insert into locality(id, name, city_id) values (3189,"Sector 62A",8);
insert into locality(id, name, city_id) values (3190,"Sector 63",8);
insert into locality(id, name, city_id) values (3191,"Sector 64",8);
insert into locality(id, name, city_id) values (3192,"Sector 65",8);
insert into locality(id, name, city_id) values (3193,"Sector 66",8);
insert into locality(id, name, city_id) values (3194,"Sector 67",8);
insert into locality(id, name, city_id) values (3195,"Sector 68",8);
insert into locality(id, name, city_id) values (3196,"Sector 69",8);
insert into locality(id, name, city_id) values (3197,"Sector 7",8);
insert into locality(id, name, city_id) values (3198,"Sector 70",8);
insert into locality(id, name, city_id) values (3199,"Sector 71",8);
insert into locality(id, name, city_id) values (3200,"Sector 72",8);
insert into locality(id, name, city_id) values (3201,"Sector 73",8);
insert into locality(id, name, city_id) values (3202,"Sector 74",8);
insert into locality(id, name, city_id) values (3203,"Sector 75",8);
insert into locality(id, name, city_id) values (3204,"Sector 76",8);
insert into locality(id, name, city_id) values (3205,"Sector 77",8);
insert into locality(id, name, city_id) values (3206,"Sector 78",8);
insert into locality(id, name, city_id) values (3207,"Sector 79",8);
insert into locality(id, name, city_id) values (3208,"Sector 8",8);
insert into locality(id, name, city_id) values (3209,"Sector 80",8);
insert into locality(id, name, city_id) values (3210,"Sector 81",8);
insert into locality(id, name, city_id) values (3211,"Sector 82",8);
insert into locality(id, name, city_id) values (3212,"Sector 83",8);
insert into locality(id, name, city_id) values (3213,"Sector 84",8);
insert into locality(id, name, city_id) values (3214,"Sector 85",8);
insert into locality(id, name, city_id) values (3215,"Sector 86",8);
insert into locality(id, name, city_id) values (3216,"Sector 87",8);
insert into locality(id, name, city_id) values (3217,"Sector 88",8);
insert into locality(id, name, city_id) values (3218,"Sector 89",8);
insert into locality(id, name, city_id) values (3219,"Sector 9",8);
insert into locality(id, name, city_id) values (3220,"Sector 90",8);
insert into locality(id, name, city_id) values (3221,"Sector 91",8);
insert into locality(id, name, city_id) values (3222,"Sector 92",8);
insert into locality(id, name, city_id) values (3223,"Sector 93",8);
insert into locality(id, name, city_id) values (3224,"Sector 93a",8);
insert into locality(id, name, city_id) values (3225,"Sector 93b",8);
insert into locality(id, name, city_id) values (3226,"Sector 94",8);
insert into locality(id, name, city_id) values (3227,"Sector 95",8);
insert into locality(id, name, city_id) values (3228,"Sector 96",8);
insert into locality(id, name, city_id) values (3229,"Sector 98",8);
insert into locality(id, name, city_id) values (3230,"Sector Omicron 3",8);
insert into locality(id, name, city_id) values (3231,"Sector-129",8);
insert into locality(id, name, city_id) values (3232,"Sector-133",8);
insert into locality(id, name, city_id) values (3233,"Sector-134",8);
insert into locality(id, name, city_id) values (3234,"Sector-135",8);
insert into locality(id, name, city_id) values (3235,"Sector-14 A",8);
insert into locality(id, name, city_id) values (3236,"Sector-143",8);
insert into locality(id, name, city_id) values (3237,"Sector-146",8);
insert into locality(id, name, city_id) values (3238,"Sector-16 A",8);
insert into locality(id, name, city_id) values (3239,"Sector-160",8);
insert into locality(id, name, city_id) values (3240,"Sector-162",8);
insert into locality(id, name, city_id) values (3241,"Sector-165",8);
insert into locality(id, name, city_id) values (3242,"Sector-167",8);
insert into locality(id, name, city_id) values (3243,"Sector-97",8);
insert into locality(id, name, city_id) values (3244,"Sector-99",8);
insert into locality(id, name, city_id) values (3245,"Tech Zone 4",8);
insert into locality(id, name, city_id) values (3246,"Yakubpur",8);
insert into locality(id, name, city_id) values (3247,"Yamuna Expressway",8);
------------------------------------------------
insert into city(id, name) values (9,"Pune");
insert into locality(id, name, city_id) values (3248,"Agarkar Nagar",9);
insert into locality(id, name, city_id) values (3249,"Akurdi",9);
insert into locality(id, name, city_id) values (3250,"Alandi Devachi",9);
insert into locality(id, name, city_id) values (3251,"Alandi Road",9);
insert into locality(id, name, city_id) values (3252,"Alephata",9);
insert into locality(id, name, city_id) values (3253,"Ambarwet",9);
insert into locality(id, name, city_id) values (3254,"Ambavane",9);
insert into locality(id, name, city_id) values (3255,"Ambegaon Bk.",9);
insert into locality(id, name, city_id) values (3256,"Ambegaon Budruk",9);
insert into locality(id, name, city_id) values (3257,"Ambegaon Khurd",9);
insert into locality(id, name, city_id) values (3258,"Amboli",9);
insert into locality(id, name, city_id) values (3259,"Anand Nagar",9);
insert into locality(id, name, city_id) values (3260,"Ashok Nagar",9);
insert into locality(id, name, city_id) values (3261,"Aundh",9);
insert into locality(id, name, city_id) values (3262,"Aundh Annexe",9);
insert into locality(id, name, city_id) values (3263,"Aundh Road",9);
insert into locality(id, name, city_id) values (3264,"Awhalwadi",9);
insert into locality(id, name, city_id) values (3265,"B S Dhole Patil Path",9);
insert into locality(id, name, city_id) values (3266,"B. T. Kawade Road",9);
insert into locality(id, name, city_id) values (3267,"Bahul",9);
insert into locality(id, name, city_id) values (3268,"Bajirao Road",9);
insert into locality(id, name, city_id) values (3269,"Balaji Nagar",9);
insert into locality(id, name, city_id) values (3270,"Balewadi",9);
insert into locality(id, name, city_id) values (3271,"Baner",9);
insert into locality(id, name, city_id) values (3272,"Baner Pashan Link Road",9);
insert into locality(id, name, city_id) values (3273,"Baner Road",9);
insert into locality(id, name, city_id) values (3274,"Baramati",9);
insert into locality(id, name, city_id) values (3275,"Barasat",9);
insert into locality(id, name, city_id) values (3276,"Bavdhan",9);
insert into locality(id, name, city_id) values (3277,"Belha",9);
insert into locality(id, name, city_id) values (3278,"Bhaginghar",9);
insert into locality(id, name, city_id) values (3279,"Bhandarkar Rd",9);
insert into locality(id, name, city_id) values (3280,"Bhawani Peth",9);
insert into locality(id, name, city_id) values (3281,"Bhekrai Nagar",9);
insert into locality(id, name, city_id) values (3282,"Bhilarewadi",9);
insert into locality(id, name, city_id) values (3283,"Bhoirwadi",9);
insert into locality(id, name, city_id) values (3284,"Bhor",9);
insert into locality(id, name, city_id) values (3285,"Bhosari",9);
insert into locality(id, name, city_id) values (3286,"Bhosarigaon",9);
insert into locality(id, name, city_id) values (3287,"Bhoslenagar",9);
insert into locality(id, name, city_id) values (3288,"Bhugaon",9);
insert into locality(id, name, city_id) values (3289,"Bhukum",9);
insert into locality(id, name, city_id) values (3290,"Bhusari Colony",9);
insert into locality(id, name, city_id) values (3291,"Bibwewadi",9);
insert into locality(id, name, city_id) values (3292,"Bibwewadi Kondhwa Road",9);
insert into locality(id, name, city_id) values (3293,"Boat Club Road",9);
insert into locality(id, name, city_id) values (3294,"Bopadi",9);
insert into locality(id, name, city_id) values (3295,"Bope",9);
insert into locality(id, name, city_id) values (3296,"Bopgaon",9);
insert into locality(id, name, city_id) values (3297,"Bopkhel",9);
insert into locality(id, name, city_id) values (3298,"Bopodi",9);
insert into locality(id, name, city_id) values (3299,"Boripardhi",9);
insert into locality(id, name, city_id) values (3300,"BT Kawade Road",9);
insert into locality(id, name, city_id) values (3301,"Budhwar Peth",9);
insert into locality(id, name, city_id) values (3302,"Bund Garden Road",9);
insert into locality(id, name, city_id) values (3303,"Camp",9);
insert into locality(id, name, city_id) values (3304,"Camp Area",9);
insert into locality(id, name, city_id) values (3305,"Cavthan",9);
insert into locality(id, name, city_id) values (3306,"Chakan",9);
insert into locality(id, name, city_id) values (3307,"Chandan Nagar",9);
insert into locality(id, name, city_id) values (3308,"Chandani Chowk",9);
insert into locality(id, name, city_id) values (3309,"Chandkhed",9);
insert into locality(id, name, city_id) values (3310,"Charholi Budruk",9);
insert into locality(id, name, city_id) values (3311,"Charholi Khurd",9);
insert into locality(id, name, city_id) values (3312,"Chikhali",9);
insert into locality(id, name, city_id) values (3313,"Chimbali",9);
insert into locality(id, name, city_id) values (3314,"Chinchwad",9);
insert into locality(id, name, city_id) values (3315,"Chinchwad East",9);
insert into locality(id, name, city_id) values (3316,"Chourai Nagar",9);
insert into locality(id, name, city_id) values (3317,"Dange Chawk",9);
insert into locality(id, name, city_id) values (3318,"Dapodi",9);
insert into locality(id, name, city_id) values (3319,"Dattawadi",9);
insert into locality(id, name, city_id) values (3320,"Daund",9);
insert into locality(id, name, city_id) values (3321,"Daund Road",9);
insert into locality(id, name, city_id) values (3322,"Deccan",9);
insert into locality(id, name, city_id) values (3323,"Deccan Gymkhana",9);
insert into locality(id, name, city_id) values (3324,"Dehu",9);
insert into locality(id, name, city_id) values (3325,"Dehu Road",9);
insert into locality(id, name, city_id) values (3326,"Dhangarwadi",9);
insert into locality(id, name, city_id) values (3327,"Dhankawadi",9);
insert into locality(id, name, city_id) values (3328,"Dhanori",9);
insert into locality(id, name, city_id) values (3329,"Dhayari",9);
insert into locality(id, name, city_id) values (3330,"Dhayari Phata",9);
insert into locality(id, name, city_id) values (3331,"Dighi Camp",9);
insert into locality(id, name, city_id) values (3332,"Dive",9);
insert into locality(id, name, city_id) values (3333,"Dole Patil Road",9);
insert into locality(id, name, city_id) values (3334,"DP Road",9);
insert into locality(id, name, city_id) values (3335,"Erandwa",9);
insert into locality(id, name, city_id) values (3336,"Erandwana",9);
insert into locality(id, name, city_id) values (3337,"Erandwane",9);
insert into locality(id, name, city_id) values (3338,"Ex-servicemen Colony",9);
insert into locality(id, name, city_id) values (3339,"Fatima Nagar",9);
insert into locality(id, name, city_id) values (3340,"Ferguson College Road",9);
insert into locality(id, name, city_id) values (3341,"Fergusson College Road",9);
insert into locality(id, name, city_id) values (3342,"Fursungi",9);
insert into locality(id, name, city_id) values (3343,"Gadital",9);
insert into locality(id, name, city_id) values (3344,"Gahunje",9);
insert into locality(id, name, city_id) values (3345,"Ganesh Nagar",9);
insert into locality(id, name, city_id) values (3346,"Ganesh Peth",9);
insert into locality(id, name, city_id) values (3347,"Ganeshkhind",9);
insert into locality(id, name, city_id) values (3348,"Ganeshkhind Road",9);
insert into locality(id, name, city_id) values (3349,"Ganga Dham",9);
insert into locality(id, name, city_id) values (3350,"Ganj Peth",9);
insert into locality(id, name, city_id) values (3351,"Ghorpadi",9);
insert into locality(id, name, city_id) values (3352,"Ghorpadi Rd.",9);
insert into locality(id, name, city_id) values (3353,"Ghorpuri Lines",9);
insert into locality(id, name, city_id) values (3354,"Ghotawade",9);
insert into locality(id, name, city_id) values (3355,"Gokhale Nagar",9);
insert into locality(id, name, city_id) values (3356,"Gultekdi",9);
insert into locality(id, name, city_id) values (3357,"Guru Nanak Nagar",9);
insert into locality(id, name, city_id) values (3358,"Guruwar Peth",9);
insert into locality(id, name, city_id) values (3359,"Hadapsar",9);
insert into locality(id, name, city_id) values (3360,"Handewadi",9);
insert into locality(id, name, city_id) values (3361,"Handewadi Road",9);
insert into locality(id, name, city_id) values (3362,"Hingne Khurd",9);
insert into locality(id, name, city_id) values (3363,"Hinjewadi",9);
insert into locality(id, name, city_id) values (3364,"Holewadi",9);
insert into locality(id, name, city_id) values (3365,"Ideal Colony",9);
insert into locality(id, name, city_id) values (3366,"Indapur",9);
insert into locality(id, name, city_id) values (3367,"Indira Nagar",9);
insert into locality(id, name, city_id) values (3368,"Induri",9);
insert into locality(id, name, city_id) values (3369,"Ingale Nagar",9);
insert into locality(id, name, city_id) values (3370,"J M Road",9);
insert into locality(id, name, city_id) values (3371,"Jalochi",9);
insert into locality(id, name, city_id) values (3372,"Jambhul",9);
insert into locality(id, name, city_id) values (3373,"Jangali Maharaj Road",9);
insert into locality(id, name, city_id) values (3374,"Jatharpeth",9);
insert into locality(id, name, city_id) values (3375,"Jejuri",9);
insert into locality(id, name, city_id) values (3376,"Junnar",9);
insert into locality(id, name, city_id) values (3377,"K",9);
insert into locality(id, name, city_id) values (3378,"Kalas",9);
insert into locality(id, name, city_id) values (3379,"Kalewadi",9);
insert into locality(id, name, city_id) values (3380,"Kalyani Nagar",9);
insert into locality(id, name, city_id) values (3381,"Kamshet",9);
insert into locality(id, name, city_id) values (3382,"Kanhe Phata",9);
insert into locality(id, name, city_id) values (3383,"Kanhur Mesai",9);
insert into locality(id, name, city_id) values (3384,"Karmoli",9);
insert into locality(id, name, city_id) values (3385,"Karve Nagar",9);
insert into locality(id, name, city_id) values (3386,"Karve Road",9);
insert into locality(id, name, city_id) values (3387,"Karvenaga",9);
insert into locality(id, name, city_id) values (3388,"Kasarsai",9);
insert into locality(id, name, city_id) values (3389,"Kasarwadi",9);
insert into locality(id, name, city_id) values (3390,"Kasba Peth",9);
insert into locality(id, name, city_id) values (3391,"Katraj",9);
insert into locality(id, name, city_id) values (3392,"Katraj Kondhwa Road",9);
insert into locality(id, name, city_id) values (3393,"Kavade Mala",9);
insert into locality(id, name, city_id) values (3394,"Keshav Nagar",9);
insert into locality(id, name, city_id) values (3395,"Kesnand",9);
insert into locality(id, name, city_id) values (3396,"Khadakwasla",9);
insert into locality(id, name, city_id) values (3397,"Khadki",9);
insert into locality(id, name, city_id) values (3398,"Khamboli",9);
insert into locality(id, name, city_id) values (3399,"Kharadi",9);
insert into locality(id, name, city_id) values (3400,"Kharadi Bypass Road",9);
insert into locality(id, name, city_id) values (3401,"Khed",9);
insert into locality(id, name, city_id) values (3402,"Khed Shivapur",9);
insert into locality(id, name, city_id) values (3403,"Kirkatwadi",9);
insert into locality(id, name, city_id) values (3404,"Kiwale",9);
insert into locality(id, name, city_id) values (3405,"Kodawadi",9);
insert into locality(id, name, city_id) values (3406,"Kolvan",9);
insert into locality(id, name, city_id) values (3407,"Kolwadi",9);
insert into locality(id, name, city_id) values (3408,"Kondanpur",9);
insert into locality(id, name, city_id) values (3409,"Kondhapuri",9);
insert into locality(id, name, city_id) values (3410,"Kondhawe-Dhawade",9);
insert into locality(id, name, city_id) values (3411,"Kondhwa",9);
insert into locality(id, name, city_id) values (3412,"Kondhwa Budruk",9);
insert into locality(id, name, city_id) values (3413,"Kondhwa Khurd",9);
insert into locality(id, name, city_id) values (3414,"Koregaon",9);
insert into locality(id, name, city_id) values (3415,"Koregaon Bhima",9);
insert into locality(id, name, city_id) values (3416,"Koregaon Park",9);
insert into locality(id, name, city_id) values (3417,"Koregaon Park Annexe",9);
insert into locality(id, name, city_id) values (3418,"Kothrud",9);
insert into locality(id, name, city_id) values (3419,"Kurkumbh",9);
insert into locality(id, name, city_id) values (3420,"Landewadi",9);
insert into locality(id, name, city_id) values (3421,"Lavale",9);
insert into locality(id, name, city_id) values (3422,"Lavasa",9);
insert into locality(id, name, city_id) values (3423,"Law College Road",9);
insert into locality(id, name, city_id) values (3424,"Laxmi Rd.",9);
insert into locality(id, name, city_id) values (3425,"Lohagad",9);
insert into locality(id, name, city_id) values (3426,"Lohegaon",9);
insert into locality(id, name, city_id) values (3427,"Lokmanya Bal Gangadhar Tilak Road",9);
insert into locality(id, name, city_id) values (3428,"Lonavala",9);
insert into locality(id, name, city_id) values (3429,"Loni Kalbhor",9);
insert into locality(id, name, city_id) values (3430,"Lonikand",9);
insert into locality(id, name, city_id) values (3431,"Lulla Nagar",9);
insert into locality(id, name, city_id) values (3432,"M.G. Road.",9);
insert into locality(id, name, city_id) values (3433,"Maan",9);
insert into locality(id, name, city_id) values (3434,"Magarpatta",9);
insert into locality(id, name, city_id) values (3435,"Magarpatta Road",9);
insert into locality(id, name, city_id) values (3436,"Mahalunge",9);
insert into locality(id, name, city_id) values (3437,"Mahalunge Ingale",9);
insert into locality(id, name, city_id) values (3438,"Mahrashi Nagar",9);
insert into locality(id, name, city_id) values (3439,"Malshiras",9);
insert into locality(id, name, city_id) values (3440,"Mamurdi",9);
insert into locality(id, name, city_id) values (3441,"Manchar",9);
insert into locality(id, name, city_id) values (3442,"Mandai",9);
insert into locality(id, name, city_id) values (3443,"Mangalwar Peth",9);
insert into locality(id, name, city_id) values (3444,"Manjari",9);
insert into locality(id, name, city_id) values (3445,"Manjri",9);
insert into locality(id, name, city_id) values (3446,"Markal",9);
insert into locality(id, name, city_id) values (3447,"Market Yard",9);
insert into locality(id, name, city_id) values (3448,"Marunji",9);
insert into locality(id, name, city_id) values (3449,"Medankarwadi",9);
insert into locality(id, name, city_id) values (3450,"Misalwadi",9);
insert into locality(id, name, city_id) values (3451,"MIT Collage Road",9);
insert into locality(id, name, city_id) values (3452,"Model Colony",9);
insert into locality(id, name, city_id) values (3453,"Modi Colony",9);
insert into locality(id, name, city_id) values (3454,"Mohammed Wadi",9);
insert into locality(id, name, city_id) values (3455,"Mohari Bk",9);
insert into locality(id, name, city_id) values (3456,"Morgaon",9);
insert into locality(id, name, city_id) values (3457,"Moshi",9);
insert into locality(id, name, city_id) values (3458,"Moshi Alandi Road",9);
insert into locality(id, name, city_id) values (3459,"Moshi Pradhikaran",9);
insert into locality(id, name, city_id) values (3460,"Mugawade",9);
insert into locality(id, name, city_id) values (3461,"Mukund Nagar",9);
insert into locality(id, name, city_id) values (3462,"Mulshi",9);
insert into locality(id, name, city_id) values (3463,"Mumbai Pune Road",9);
insert into locality(id, name, city_id) values (3464,"Mumbai-bangalore Highway",9);
insert into locality(id, name, city_id) values (3465,"Mumbai-Pune Expressway",9);
insert into locality(id, name, city_id) values (3466,"Mundhwa",9);
insert into locality(id, name, city_id) values (3467,"Mundhwa Road",9);
insert into locality(id, name, city_id) values (3468,"Municipal Colony",9);
insert into locality(id, name, city_id) values (3469,"Nagar Road",9);
insert into locality(id, name, city_id) values (3470,"Nana Peth",9);
insert into locality(id, name, city_id) values (3471,"Nande",9);
insert into locality(id, name, city_id) values (3472,"Nanded City",9);
insert into locality(id, name, city_id) values (3473,"Nanekarwadi",9);
insert into locality(id, name, city_id) values (3474,"Narayan Peth",9);
insert into locality(id, name, city_id) values (3475,"Narayangoan",9);
insert into locality(id, name, city_id) values (3476,"Narhe",9);
insert into locality(id, name, city_id) values (3477,"Nasrapur",9);
insert into locality(id, name, city_id) values (3478,"Nasrapur Velha Road",9);
insert into locality(id, name, city_id) values (3479,"Navasahyadri",9);
insert into locality(id, name, city_id) values (3480,"Navi Peth",9);
insert into locality(id, name, city_id) values (3481,"Nerhe",9);
insert into locality(id, name, city_id) values (3482,"Netaji Nagar",9);
insert into locality(id, name, city_id) values (3483,"New Sanghavi",9);
insert into locality(id, name, city_id) values (3484,"New Sanghvi",9);
insert into locality(id, name, city_id) values (3485,"NIBM",9);
insert into locality(id, name, city_id) values (3486,"NIBM Annexe",9);
insert into locality(id, name, city_id) values (3487,"NIBM Road",9);
insert into locality(id, name, city_id) values (3488,"Nigdi",9);
insert into locality(id, name, city_id) values (3489,"Nighoje",9);
insert into locality(id, name, city_id) values (3490,"Nimgaon Mhalungi",9);
insert into locality(id, name, city_id) values (3491,"Old Mumbai Pune Highway",9);
insert into locality(id, name, city_id) values (3492,"Old Sanghvi",9);
insert into locality(id, name, city_id) values (3493,"Old Sangvi",9);
insert into locality(id, name, city_id) values (3494,"Otur",9);
insert into locality(id, name, city_id) values (3495,"Padmavati",9);
insert into locality(id, name, city_id) values (3496,"Padvi",9);
insert into locality(id, name, city_id) values (3497,"Panshet",9);
insert into locality(id, name, city_id) values (3498,"Pargaon",9);
insert into locality(id, name, city_id) values (3499,"Parner-Pune Highway",9);
insert into locality(id, name, city_id) values (3500,"Parvati Darshan",9);
insert into locality(id, name, city_id) values (3501,"Parvati Gaon",9);
insert into locality(id, name, city_id) values (3502,"Parvati Industrial Estate",9);
insert into locality(id, name, city_id) values (3503,"Parvati Paytha",9);
insert into locality(id, name, city_id) values (3504,"Pashan",9);
insert into locality(id, name, city_id) values (3505,"Pashan Sus Road",9);
insert into locality(id, name, city_id) values (3506,"Paud",9);
insert into locality(id, name, city_id) values (3507,"Paud Road",9);
insert into locality(id, name, city_id) values (3508,"Pawna Nagar",9);
insert into locality(id, name, city_id) values (3509,"Phursungi",9);
insert into locality(id, name, city_id) values (3510,"Pimpalgaon Tarf Khed",9);
insert into locality(id, name, city_id) values (3511,"Pimple Gurav",9);
insert into locality(id, name, city_id) values (3512,"Pimple Nilakh",9);
insert into locality(id, name, city_id) values (3513,"Pimple Saudagar",9);
insert into locality(id, name, city_id) values (3514,"Pimpri",9);
insert into locality(id, name, city_id) values (3515,"Pimpri Chinchwad",9);
insert into locality(id, name, city_id) values (3516,"Pimpri Colony",9);
insert into locality(id, name, city_id) values (3517,"Pingle Vasti",9);
insert into locality(id, name, city_id) values (3518,"Pirangut",9);
insert into locality(id, name, city_id) values (3519,"Pisoli",9);
insert into locality(id, name, city_id) values (3520,"Prabhat Road",9);
insert into locality(id, name, city_id) values (3521,"Pradhikaran",9);
insert into locality(id, name, city_id) values (3522,"Pratik Nagar",9);
insert into locality(id, name, city_id) values (3523,"Punawale",9);
insert into locality(id, name, city_id) values (3524,"Pune Airport",9);
insert into locality(id, name, city_id) values (3525,"Pune Banglore Highway",9);
insert into locality(id, name, city_id) values (3526,"Pune Cantonment",9);
insert into locality(id, name, city_id) values (3527,"Pune Railway Station",9);
insert into locality(id, name, city_id) values (3528,"Pune Solapur Highway",9);
insert into locality(id, name, city_id) values (3529,"Pune University",9);
insert into locality(id, name, city_id) values (3530,"Pune-Nashik Highway",9);
insert into locality(id, name, city_id) values (3531,"Purandhar",9);
insert into locality(id, name, city_id) values (3532,"Rahatani",9);
insert into locality(id, name, city_id) values (3533,"Rajendra Nagar",9);
insert into locality(id, name, city_id) values (3534,"Rajgurunagar",9);
insert into locality(id, name, city_id) values (3535,"Rambaug Colony",9);
insert into locality(id, name, city_id) values (3536,"Ramtekdi",9);
insert into locality(id, name, city_id) values (3537,"Range Hills",9);
insert into locality(id, name, city_id) values (3538,"Ranjangaon",9);
insert into locality(id, name, city_id) values (3539,"Rasta Peth",9);
insert into locality(id, name, city_id) values (3540,"Ravet",9);
insert into locality(id, name, city_id) values (3541,"Raviwar Peth",9);
insert into locality(id, name, city_id) values (3542,"Revenue Colony",9);
insert into locality(id, name, city_id) values (3543,"Rihe",9);
insert into locality(id, name, city_id) values (3544,"Roti",9);
insert into locality(id, name, city_id) values (3545,"Ruby Hall Hospital",9);
insert into locality(id, name, city_id) values (3546,"Rupeenagar",9);
insert into locality(id, name, city_id) values (3547,"S.p. College Road",9);
insert into locality(id, name, city_id) values (3548,"Sachapir Street",9);
insert into locality(id, name, city_id) values (3549,"Sadashiv Peth",9);
insert into locality(id, name, city_id) values (3550,"Sadhu Vaswani Chowk",9);
insert into locality(id, name, city_id) values (3551,"Sadhu Vaswani Path",9);
insert into locality(id, name, city_id) values (3552,"Sahakar Nagar",9);
insert into locality(id, name, city_id) values (3553,"Sainath Nagar",9);
insert into locality(id, name, city_id) values (3554,"Sakal Nagar",9);
insert into locality(id, name, city_id) values (3555,"Salisbury Park",9);
insert into locality(id, name, city_id) values (3556,"Salunke Vihar",9);
insert into locality(id, name, city_id) values (3557,"Sanaswadi",9);
insert into locality(id, name, city_id) values (3558,"Sangamvadi",9);
insert into locality(id, name, city_id) values (3559,"Sangamwadi",9);
insert into locality(id, name, city_id) values (3560,"Sarola",9);
insert into locality(id, name, city_id) values (3561,"Sasane Nagar",9);
insert into locality(id, name, city_id) values (3562,"Saswad",9);
insert into locality(id, name, city_id) values (3563,"Saswad Road",9);
insert into locality(id, name, city_id) values (3564,"Satara Road",9);
insert into locality(id, name, city_id) values (3565,"Sate",9);
insert into locality(id, name, city_id) values (3566,"Senapati Bapat Road",9);
insert into locality(id, name, city_id) values (3567,"Shaniwar Peth",9);
insert into locality(id, name, city_id) values (3568,"Shankar Shet Road",9);
insert into locality(id, name, city_id) values (3569,"Shastri Nagar",9);
insert into locality(id, name, city_id) values (3570,"Shetphal Haveli",9);
insert into locality(id, name, city_id) values (3571,"Shewalwadi",9);
insert into locality(id, name, city_id) values (3572,"Shikrapur",9);
insert into locality(id, name, city_id) values (3573,"Shindaone",9);
insert into locality(id, name, city_id) values (3574,"Shirgaon",9);
insert into locality(id, name, city_id) values (3575,"Shiroli",9);
insert into locality(id, name, city_id) values (3576,"Shirur",9);
insert into locality(id, name, city_id) values (3577,"Shirwal",9);
insert into locality(id, name, city_id) values (3578,"Shiv Nagar",9);
insert into locality(id, name, city_id) values (3579,"Shivaji Nagar",9);
insert into locality(id, name, city_id) values (3580,"Shivane",9);
insert into locality(id, name, city_id) values (3581,"Shreehans Nagar",9);
insert into locality(id, name, city_id) values (3582,"Shukrawar Peth",9);
insert into locality(id, name, city_id) values (3583,"Sindhi Colony",9);
insert into locality(id, name, city_id) values (3584,"Sinhagad",9);
insert into locality(id, name, city_id) values (3585,"Sinhagad Road",9);
insert into locality(id, name, city_id) values (3586,"Somatane",9);
insert into locality(id, name, city_id) values (3587,"Somwar Peth",9);
insert into locality(id, name, city_id) values (3588,"Sonde Karla",9);
insert into locality(id, name, city_id) values (3589,"Sopan Baug",9);
insert into locality(id, name, city_id) values (3590,"Sopan Baugh",9);
insert into locality(id, name, city_id) values (3591,"Spine Road",9);
insert into locality(id, name, city_id) values (3592,"Sukh Sagar Nagar",9);
insert into locality(id, name, city_id) values (3593,"Sus",9);
insert into locality(id, name, city_id) values (3594,"Sutarwadi",9);
insert into locality(id, name, city_id) values (3595,"Swargate",9);
insert into locality(id, name, city_id) values (3596,"Tadiwala Road",9);
insert into locality(id, name, city_id) values (3597,"Talawade",9);
insert into locality(id, name, city_id) values (3598,"Talegaon",9);
insert into locality(id, name, city_id) values (3599,"Talegaon Dabhade",9);
insert into locality(id, name, city_id) values (3600,"Talegaon Dhamdhere",9);
insert into locality(id, name, city_id) values (3601,"Taljai",9);
insert into locality(id, name, city_id) values (3602,"Tambhad",9);
insert into locality(id, name, city_id) values (3603,"Tathawade",9);
insert into locality(id, name, city_id) values (3604,"Thergaon",9);
insert into locality(id, name, city_id) values (3605,"Theur",9);
insert into locality(id, name, city_id) values (3606,"Tilak Road",9);
insert into locality(id, name, city_id) values (3607,"Tingre Nagar",9);
insert into locality(id, name, city_id) values (3608,"Uday Baug",9);
insert into locality(id, name, city_id) values (3609,"Undri",9);
insert into locality(id, name, city_id) values (3610,"Uravade",9);
insert into locality(id, name, city_id) values (3611,"Uruli Devachi",9);
insert into locality(id, name, city_id) values (3612,"Uruli Kanchan",9);
insert into locality(id, name, city_id) values (3613,"Uttam Nagar",9);
insert into locality(id, name, city_id) values (3614,"Vadeshwar",9);
insert into locality(id, name, city_id) values (3615,"Vadgaon",9);
insert into locality(id, name, city_id) values (3616,"Vadgaon Budruk",9);
insert into locality(id, name, city_id) values (3617,"Vadgaon Maval",9);
insert into locality(id, name, city_id) values (3618,"Vadhu Budruk",9);
insert into locality(id, name, city_id) values (3619,"Valane",9);
insert into locality(id, name, city_id) values (3620,"Varasgaon",9);
insert into locality(id, name, city_id) values (3621,"Varve Bk",9);
insert into locality(id, name, city_id) values (3622,"Veerabhadra Nagar",9);
insert into locality(id, name, city_id) values (3623,"Velhe",9);
insert into locality(id, name, city_id) values (3624,"Vidyanagar",9);
insert into locality(id, name, city_id) values (3625,"Viman Nagar",9);
insert into locality(id, name, city_id) values (3626,"Viram",9);
insert into locality(id, name, city_id) values (3627,"Vishrantwadi",9);
insert into locality(id, name, city_id) values (3628,"Vithalwadi",9);
insert into locality(id, name, city_id) values (3629,"Wadebolhai",9);
insert into locality(id, name, city_id) values (3630,"Wadegaon",9);
insert into locality(id, name, city_id) values (3631,"Wadgaon Sheri",9);
insert into locality(id, name, city_id) values (3632,"Wadki",9);
insert into locality(id, name, city_id) values (3633,"Wadmukhwadi",9);
insert into locality(id, name, city_id) values (3634,"Wagholi",9);
insert into locality(id, name, city_id) values (3635,"Wai",9);
insert into locality(id, name, city_id) values (3636,"Wakad",9);
insert into locality(id, name, city_id) values (3637,"Wakdewadi",9);
insert into locality(id, name, city_id) values (3638,"Walvekar Nagar",9);
insert into locality(id, name, city_id) values (3639,"Wandra",9);
insert into locality(id, name, city_id) values (3640,"Wanowarie",9);
insert into locality(id, name, city_id) values (3641,"Wanowrie",9);
insert into locality(id, name, city_id) values (3642,"Wanwadi",9);
insert into locality(id, name, city_id) values (3643,"Warje",9);
insert into locality(id, name, city_id) values (3644,"Wilson Garden",9);
insert into locality(id, name, city_id) values (3645,"Yashvant Nagar",9);
insert into locality(id, name, city_id) values (3646,"Yashwant Nagar",9);
insert into locality(id, name, city_id) values (3647,"Yawat",9);
insert into locality(id, name, city_id) values (3648,"Yerwada",9);
insert into locality(id, name, city_id) values (3649,"Yewalewadi",9);
------------------------------------------------

create table bike_make (
	id int not null primary key,
	make varchar(25), 	
	active bool not null default true
	
	);
    
create table bike_model (
	id int not null primary key,
	model varchar(40), 	
	bike_make_id int,
	FOREIGN KEY (bike_make_id) REFERENCES bike_make(id)
	); 
    
insert into bike_make(id, make) values (1,"BMW");
insert into bike_model(id, model, bike_make_id) values (1, "F650", 1);
insert into bike_model(id, model, bike_make_id) values (2, "K 1300", 1);
insert into bike_model(id, model, bike_make_id) values (3, "K 1600", 1);
insert into bike_model(id, model, bike_make_id) values (4, "R1200", 1);
insert into bike_model(id, model, bike_make_id) values (5, "R Nine T", 1);
insert into bike_model(id, model, bike_make_id) values (6, "S 1000 R", 1);
insert into bike_model(id, model, bike_make_id) values (7, "S1000 RR", 1);
------------------------------------------------
insert into bike_make(id, make) values (2,"Bajaj");
insert into bike_model(id, model, bike_make_id) values (8, "4S Champion", 2);
insert into bike_model(id, model, bike_make_id) values (9, "Avenger", 2);
insert into bike_model(id, model, bike_make_id) values (10, "Avenger Cruise 150", 2);
insert into bike_model(id, model, bike_make_id) values (11, "Avenger Street 150", 2);
insert into bike_model(id, model, bike_make_id) values (12, "Avenger Street 220", 2);
insert into bike_model(id, model, bike_make_id) values (13, "Boxer", 2);
insert into bike_model(id, model, bike_make_id) values (14, "Bravo", 2);
insert into bike_model(id, model, bike_make_id) values (15, "CT 100", 2);
insert into bike_model(id, model, bike_make_id) values (16, "Caliber", 2);
insert into bike_model(id, model, bike_make_id) values (17, "Chetak", 2);
insert into bike_model(id, model, bike_make_id) values (18, "Club", 2);
insert into bike_model(id, model, bike_make_id) values (19, "Discover 100", 2);
insert into bike_model(id, model, bike_make_id) values (20, "Discover 100 M", 2);
insert into bike_model(id, model, bike_make_id) values (21, "Discover 100 T", 2);
insert into bike_model(id, model, bike_make_id) values (22, "Discover 125", 2);
insert into bike_model(id, model, bike_make_id) values (23, "Discover 125 DTS i", 2);
insert into bike_model(id, model, bike_make_id) values (24, "Discover 125 ST", 2);
insert into bike_model(id, model, bike_make_id) values (25, "Discover 125 T", 2);
insert into bike_model(id, model, bike_make_id) values (26, "Discover 125M", 2);
insert into bike_model(id, model, bike_make_id) values (27, "Discover 135", 2);
insert into bike_model(id, model, bike_make_id) values (28, "Discover 150", 2);
insert into bike_model(id, model, bike_make_id) values (29, "Discover 150 F", 2);
insert into bike_model(id, model, bike_make_id) values (30, "Discover 150 S", 2);
insert into bike_model(id, model, bike_make_id) values (31, "Dominar 400", 2);
insert into bike_model(id, model, bike_make_id) values (32, "Eliminator", 2);
insert into bike_model(id, model, bike_make_id) values (33, "Krystal", 2);
insert into bike_model(id, model, bike_make_id) values (34, "Legend", 2);
insert into bike_model(id, model, bike_make_id) values (35, "M80", 2);
insert into bike_model(id, model, bike_make_id) values (36, "Platina 100", 2);
insert into bike_model(id, model, bike_make_id) values (37, "Pulsar 135 LS", 2);
insert into bike_model(id, model, bike_make_id) values (38, "Pulsar 150", 2);
insert into bike_model(id, model, bike_make_id) values (39, "Pulsar 150 AS", 2);
insert into bike_model(id, model, bike_make_id) values (40, "Pulsar 150 DTS i", 2);
insert into bike_model(id, model, bike_make_id) values (41, "Pulsar 180", 2);
insert into bike_model(id, model, bike_make_id) values (42, "Pulsar 180 DTS  i", 2);
insert into bike_model(id, model, bike_make_id) values (43, "Pulsar 200 AS", 2);
insert into bike_model(id, model, bike_make_id) values (44, "Pulsar 200 DTS i", 2);
insert into bike_model(id, model, bike_make_id) values (45, "Pulsar 200 NS", 2);
insert into bike_model(id, model, bike_make_id) values (46, "Pulsar 200 NS", 2);
insert into bike_model(id, model, bike_make_id) values (47, "Pulsar 200 RS", 2);
insert into bike_model(id, model, bike_make_id) values (48, "Pulsar 220 F", 2);
insert into bike_model(id, model, bike_make_id) values (49, "Saffire", 2);
insert into bike_model(id, model, bike_make_id) values (50, "Sunny", 2);
insert into bike_model(id, model, bike_make_id) values (51, "Super", 2);
insert into bike_model(id, model, bike_make_id) values (52, "Vikrant V15", 2);
insert into bike_model(id, model, bike_make_id) values (53, "Wave", 2);
insert into bike_model(id, model, bike_make_id) values (54, "Wind 125", 2);
insert into bike_model(id, model, bike_make_id) values (55, "XCD 125", 2);
insert into bike_model(id, model, bike_make_id) values (56, "XCD 135", 2);
------------------------------------------------
insert into bike_make(id, make) values (3,"Ducati");
insert into bike_model(id, model, bike_make_id) values (57, "848 EVO", 3);
insert into bike_model(id, model, bike_make_id) values (58, "899 Panigale", 3);
insert into bike_model(id, model, bike_make_id) values (59, "1199 Panigale", 3);
insert into bike_model(id, model, bike_make_id) values (60, "Diavel", 3);
insert into bike_model(id, model, bike_make_id) values (61, "Hypermotard", 3);
insert into bike_model(id, model, bike_make_id) values (62, "Monster", 3);
insert into bike_model(id, model, bike_make_id) values (63, "Monster 795", 3);
insert into bike_model(id, model, bike_make_id) values (64, "Monster 796", 3);
insert into bike_model(id, model, bike_make_id) values (65, "Multistrada", 3);
insert into bike_model(id, model, bike_make_id) values (66, "Street fighter", 3);
------------------------------------------------
insert into bike_make(id, make) values (4,"Harley Davidson");
insert into bike_model(id, model, bike_make_id) values (67, "Breakout", 4);
insert into bike_model(id, model, bike_make_id) values (68, "CVO Limited", 4);
insert into bike_model(id, model, bike_make_id) values (69, "Fat Bob", 4);
insert into bike_model(id, model, bike_make_id) values (70, "Fat Boy", 4);
insert into bike_model(id, model, bike_make_id) values (71, "Fat Boy Special", 4);
insert into bike_model(id, model, bike_make_id) values (72, "Heritage Softail Classic", 4);
insert into bike_model(id, model, bike_make_id) values (73, "Iron 883", 4);
insert into bike_model(id, model, bike_make_id) values (74, "Iron 883", 4);
insert into bike_model(id, model, bike_make_id) values (75, "Nightster", 4);
insert into bike_model(id, model, bike_make_id) values (76, "Roadster", 4);
insert into bike_model(id, model, bike_make_id) values (77, "Sportster Forty Eight", 4);
insert into bike_model(id, model, bike_make_id) values (78, "Sportster Seventy Two", 4);
insert into bike_model(id, model, bike_make_id) values (79, "Street 750", 4);
insert into bike_model(id, model, bike_make_id) values (80, "Street Bob", 4);
insert into bike_model(id, model, bike_make_id) values (81, "Street Bob", 4);
insert into bike_model(id, model, bike_make_id) values (82, "Street Glide", 4);
insert into bike_model(id, model, bike_make_id) values (83, "Street Glide Special", 4);
insert into bike_model(id, model, bike_make_id) values (84, "Superlow", 4);
insert into bike_model(id, model, bike_make_id) values (85, "V Rod", 4);
------------------------------------------------
insert into bike_make(id, make) values (5,"Hero");
insert into bike_model(id, model, bike_make_id) values (86, "Achiever", 5);
insert into bike_model(id, model, bike_make_id) values (87, "Ambition", 5);
insert into bike_model(id, model, bike_make_id) values (88, "CBZ Star", 5);
insert into bike_model(id, model, bike_make_id) values (89, "CBZ Xtreme", 5);
insert into bike_model(id, model, bike_make_id) values (90, "CD 100 SS", 5);
insert into bike_model(id, model, bike_make_id) values (91, "CD Dawn", 5);
insert into bike_model(id, model, bike_make_id) values (92, "CD Deluxe", 5);
insert into bike_model(id, model, bike_make_id) values (93, "Cruz", 5);
insert into bike_model(id, model, bike_make_id) values (94, "Duet", 5);
insert into bike_model(id, model, bike_make_id) values (95, "E Sprint", 5);
insert into bike_model(id, model, bike_make_id) values (96, "EZ", 5);
insert into bike_model(id, model, bike_make_id) values (97, "Glamour", 5);
insert into bike_model(id, model, bike_make_id) values (98, "Glamour FI", 5);
insert into bike_model(id, model, bike_make_id) values (99, "HF Dawn", 5);
insert into bike_model(id, model, bike_make_id) values (100, "HF Deluxe", 5);
insert into bike_model(id, model, bike_make_id) values (101, "HF Deluxe Eco", 5);
insert into bike_model(id, model, bike_make_id) values (102, "HX 250R", 5);
insert into bike_model(id, model, bike_make_id) values (103, "Hunk", 5);
insert into bike_model(id, model, bike_make_id) values (104, "Ignitor", 5);
insert into bike_model(id, model, bike_make_id) values (105, "Impulse", 5);
insert into bike_model(id, model, bike_make_id) values (106, "Karizma", 5);
insert into bike_model(id, model, bike_make_id) values (107, "Karizma ZMR", 5);
insert into bike_model(id, model, bike_make_id) values (108, "Maestro", 5);
insert into bike_model(id, model, bike_make_id) values (109, "Maxi", 5);
insert into bike_model(id, model, bike_make_id) values (110, "Optima", 5);
insert into bike_model(id, model, bike_make_id) values (111, "Optima Plus", 5);
insert into bike_model(id, model, bike_make_id) values (112, "Passion PRO TR", 5);
insert into bike_model(id, model, bike_make_id) values (113, "Passion Plus", 5);
insert into bike_model(id, model, bike_make_id) values (114, "Passion Pro", 5);
insert into bike_model(id, model, bike_make_id) values (115, "Passion X Pro", 5);
insert into bike_model(id, model, bike_make_id) values (116, "Photon", 5);
insert into bike_model(id, model, bike_make_id) values (117, "Pleasure", 5);
insert into bike_model(id, model, bike_make_id) values (118, "Puch", 5);
insert into bike_model(id, model, bike_make_id) values (119, "Splendor NXG", 5);
insert into bike_model(id, model, bike_make_id) values (120, "Splendor Plus", 5);
insert into bike_model(id, model, bike_make_id) values (121, "Splendor Pro", 5);
insert into bike_model(id, model, bike_make_id) values (122, "Splendor Pro Classic", 5);
insert into bike_model(id, model, bike_make_id) values (123, "Splendor iSmart", 5);
insert into bike_model(id, model, bike_make_id) values (124, "Street 100", 5);
insert into bike_model(id, model, bike_make_id) values (125, "Super Splendor", 5);
insert into bike_model(id, model, bike_make_id) values (126, "Wave Dx", 5);
insert into bike_model(id, model, bike_make_id) values (127, "Winner", 5);
insert into bike_model(id, model, bike_make_id) values (128, "Zion", 5);
insert into bike_model(id, model, bike_make_id) values (129, "Zion", 5);
------------------------------------------------
insert into bike_make(id, make) values (6,"Honda");
insert into bike_model(id, model, bike_make_id) values (130, "Activa", 6);
insert into bike_model(id, model, bike_make_id) values (131, "Activa 3G", 6);
insert into bike_model(id, model, bike_make_id) values (132, "Activa 125", 6);
insert into bike_model(id, model, bike_make_id) values (133, "Activa i", 6);
insert into bike_model(id, model, bike_make_id) values (134, "Aviator", 6);
insert into bike_model(id, model, bike_make_id) values (135, "CB 400", 6);
insert into bike_model(id, model, bike_make_id) values (136, "CB 1000R", 6);
insert into bike_model(id, model, bike_make_id) values (137, "CBF Stunner", 6);
insert into bike_model(id, model, bike_make_id) values (138, "CB Hornet", 6);
insert into bike_model(id, model, bike_make_id) values (139, "CBR 150R", 6);
insert into bike_model(id, model, bike_make_id) values (140, "CBR 250R", 6);
insert into bike_model(id, model, bike_make_id) values (141, "CBR 400RR", 6);
insert into bike_model(id, model, bike_make_id) values (142, "CBR 600F2", 6);
insert into bike_model(id, model, bike_make_id) values (143, "CBR 600RR", 6);
insert into bike_model(id, model, bike_make_id) values (144, "CBR 900RR", 6);
insert into bike_model(id, model, bike_make_id) values (145, "CBR 954RR", 6);
insert into bike_model(id, model, bike_make_id) values (146, "CBR Fireblade", 6);
insert into bike_model(id, model, bike_make_id) values (147, "CB Shine", 6);
insert into bike_model(id, model, bike_make_id) values (148, "CB Trigger", 6);
insert into bike_model(id, model, bike_make_id) values (149, "CB Twister", 6);
insert into bike_model(id, model, bike_make_id) values (150, "CB Unicorn", 6);
insert into bike_model(id, model, bike_make_id) values (151, "CB Unicorn 160", 6);
insert into bike_model(id, model, bike_make_id) values (152, "CB Unicorn Dazzler", 6);
insert into bike_model(id, model, bike_make_id) values (153, "CBX", 6);
insert into bike_model(id, model, bike_make_id) values (154, "CR", 6);
insert into bike_model(id, model, bike_make_id) values (155, "CRM", 6);
insert into bike_model(id, model, bike_make_id) values (156, "Dio", 6);
insert into bike_model(id, model, bike_make_id) values (157, "Dream Neo", 6);
insert into bike_model(id, model, bike_make_id) values (158, "Dream Yuga", 6);
insert into bike_model(id, model, bike_make_id) values (159, "Eterno", 6);
insert into bike_model(id, model, bike_make_id) values (160, "Gold Wind GL 1800", 6);
insert into bike_model(id, model, bike_make_id) values (161, "Honda CD 110 Dream", 6);
insert into bike_model(id, model, bike_make_id) values (162, "Honda VFR", 6);
insert into bike_model(id, model, bike_make_id) values (163, "Livo", 6);
insert into bike_model(id, model, bike_make_id) values (164, "NSR", 6);
insert into bike_model(id, model, bike_make_id) values (165, "Navi", 6);
insert into bike_model(id, model, bike_make_id) values (166, "S65", 6);
insert into bike_model(id, model, bike_make_id) values (167, "Super Magna", 6);
insert into bike_model(id, model, bike_make_id) values (168, "VFR 1200F", 6);
insert into bike_model(id, model, bike_make_id) values (169, "VT 1300CX", 6);
insert into bike_model(id, model, bike_make_id) values (170, "VTR 1000", 6);
insert into bike_model(id, model, bike_make_id) values (171, "Valkyrie", 6);
insert into bike_model(id, model, bike_make_id) values (172, "XL", 6);
------------------------------------------------
insert into bike_make(id, make) values (7,"Indian");
insert into bike_model(id, model, bike_make_id) values (173, "Chief Classic", 7);
insert into bike_model(id, model, bike_make_id) values (174, "Chief Dark Horse", 7);
insert into bike_model(id, model, bike_make_id) values (175, "Chief Vintage", 7);
insert into bike_model(id, model, bike_make_id) values (176, "Chieftain", 7);
insert into bike_model(id, model, bike_make_id) values (177, "Road master", 7);
insert into bike_model(id, model, bike_make_id) values (178, "Scout", 7);
------------------------------------------------
insert into bike_make(id, make) values (8,"KTM");
insert into bike_model(id, model, bike_make_id) values (179, "390 Duke ABS", 8);
insert into bike_model(id, model, bike_make_id) values (180, "Duke 200", 8);
insert into bike_model(id, model, bike_make_id) values (181, "Duke 250", 8);
insert into bike_model(id, model, bike_make_id) values (182, "Duke 390", 8);
insert into bike_model(id, model, bike_make_id) values (183, "RC 200", 8);
insert into bike_model(id, model, bike_make_id) values (184, "RC 390", 8);
------------------------------------------------
insert into bike_make(id, make) values (9,"Kawasaki");
insert into bike_model(id, model, bike_make_id) values (185, "ER 6n", 9);
insert into bike_model(id, model, bike_make_id) values (186, "Ninja 300", 9);
insert into bike_model(id, model, bike_make_id) values (187, "Ninja 650", 9);
insert into bike_model(id, model, bike_make_id) values (188, "Ninja 1000", 9);
insert into bike_model(id, model, bike_make_id) values (189, "Ninja H2", 9);
insert into bike_model(id, model, bike_make_id) values (190, "Ninja ZX 10R", 9);
------------------------------------------------
insert into bike_make(id, make) values (10,"Kinetic Motors");
insert into bike_model(id, model, bike_make_id) values (191, "Blaze", 10);
insert into bike_model(id, model, bike_make_id) values (192, "Kinetic Honda", 10);
insert into bike_model(id, model, bike_make_id) values (193, "Luna", 10);
insert into bike_model(id, model, bike_make_id) values (194, "Nova", 10);
insert into bike_model(id, model, bike_make_id) values (195, "Zing", 10);
------------------------------------------------
insert into bike_make(id, make) values (11,"LML ( Piaggio)");
insert into bike_model(id, model, bike_make_id) values (196, "Adreno", 11);
insert into bike_model(id, model, bike_make_id) values (197, "Freedom DX", 11);
insert into bike_model(id, model, bike_make_id) values (198, "Freedom LS", 11);
insert into bike_model(id, model, bike_make_id) values (199, "Star Euro", 11);
insert into bike_model(id, model, bike_make_id) values (200, "Vespa", 11);
insert into bike_model(id, model, bike_make_id) values (201, "Vespa NV SPL", 11);
insert into bike_model(id, model, bike_make_id) values (202, "Vespa VX", 11);
------------------------------------------------
insert into bike_make(id, make) values (12,"Mahindra");
insert into bike_model(id, model, bike_make_id) values (203, "Centuro", 12);
insert into bike_model(id, model, bike_make_id) values (204, "Duro", 12);
insert into bike_model(id, model, bike_make_id) values (205, "Flyte", 12);
insert into bike_model(id, model, bike_make_id) values (206, "Gusto", 12);
insert into bike_model(id, model, bike_make_id) values (207, "Kine", 12);
insert into bike_model(id, model, bike_make_id) values (208, "Mojo", 12);
insert into bike_model(id, model, bike_make_id) values (209, "Pantero", 12);
insert into bike_model(id, model, bike_make_id) values (210, "Rodeo", 12);
------------------------------------------------
insert into bike_make(id, make) values (13,"Royal Enfield");
insert into bike_model(id, model, bike_make_id) values (211, "Bullet 350", 13);
insert into bike_model(id, model, bike_make_id) values (212, "Bullet 350 Twinspark", 13);
insert into bike_model(id, model, bike_make_id) values (213, "Bullet 500", 13);
insert into bike_model(id, model, bike_make_id) values (214, "Bullet Electra", 13);
insert into bike_model(id, model, bike_make_id) values (215, "Bullet Electra Twinspark", 13);
insert into bike_model(id, model, bike_make_id) values (216, "Classic 350", 13);
insert into bike_model(id, model, bike_make_id) values (217, "Classic 500", 13);
insert into bike_model(id, model, bike_make_id) values (218, "Classic Chrome", 13);
insert into bike_model(id, model, bike_make_id) values (219, "Classic Desert Storm", 13);
insert into bike_model(id, model, bike_make_id) values (220, "Continental GT", 13);
insert into bike_model(id, model, bike_make_id) values (221, "Continental GT (Cafe Racer)", 13);
insert into bike_model(id, model, bike_make_id) values (222, "Desert Storm", 13);
insert into bike_model(id, model, bike_make_id) values (223, "Himalayan", 13);
insert into bike_model(id, model, bike_make_id) values (224, "Thunderbird 350", 13);
insert into bike_model(id, model, bike_make_id) values (225, "Thunderbird 500", 13);
------------------------------------------------
insert into bike_make(id, make) values (14,"Suzuki");
insert into bike_model(id, model, bike_make_id) values (226, "Access", 14);
insert into bike_model(id, model, bike_make_id) values (227, "Access 125 Disc", 14);
insert into bike_model(id, model, bike_make_id) values (228, "Bandit", 14);
insert into bike_model(id, model, bike_make_id) values (229, "Fiero", 14);
insert into bike_model(id, model, bike_make_id) values (230, "GS 150 R", 14);
insert into bike_model(id, model, bike_make_id) values (231, "GS150R", 14);
insert into bike_model(id, model, bike_make_id) values (232, "GSX R1000", 14);
insert into bike_model(id, model, bike_make_id) values (233, "GSX R1000", 14);
insert into bike_model(id, model, bike_make_id) values (234, "GSX S 1000", 14);
insert into bike_model(id, model, bike_make_id) values (235, "GSX S1000F", 14);
insert into bike_model(id, model, bike_make_id) values (236, "Gixxer", 14);
insert into bike_model(id, model, bike_make_id) values (237, "Gixxer SF", 14);
insert into bike_model(id, model, bike_make_id) values (238, "Hayabusa", 14);
insert into bike_model(id, model, bike_make_id) values (239, "Hayate", 14);
insert into bike_model(id, model, bike_make_id) values (240, "Heat", 14);
insert into bike_model(id, model, bike_make_id) values (241, "Intruder M800", 14);
insert into bike_model(id, model, bike_make_id) values (242, "Intruder M1800R", 14);
insert into bike_model(id, model, bike_make_id) values (243, "Lets", 14);
insert into bike_model(id, model, bike_make_id) values (244, "M 800", 14);
insert into bike_model(id, model, bike_make_id) values (245, "M1800R", 14);
insert into bike_model(id, model, bike_make_id) values (246, "Samurai", 14);
insert into bike_model(id, model, bike_make_id) values (247, "SlingShot Plus", 14);
insert into bike_model(id, model, bike_make_id) values (248, "Swish", 14);
insert into bike_model(id, model, bike_make_id) values (249, "Swish 125 facelift", 14);
insert into bike_model(id, model, bike_make_id) values (250, "V Strom 1000", 14);
insert into bike_model(id, model, bike_make_id) values (251, "Zeus", 14);
------------------------------------------------
insert into bike_make(id, make) values (15,"TVS");
insert into bike_model(id, model, bike_make_id) values (252, "Apache", 15);
insert into bike_model(id, model, bike_make_id) values (253, "Apache RTR 160", 15);
insert into bike_model(id, model, bike_make_id) values (254, "Apache RTR 180", 15);
insert into bike_model(id, model, bike_make_id) values (255, "Apache RTR 180 ABS", 15);
insert into bike_model(id, model, bike_make_id) values (256, "Apache RTR 200", 15);
insert into bike_model(id, model, bike_make_id) values (257, "Centra", 15);
insert into bike_model(id, model, bike_make_id) values (258, "Champ", 15);
insert into bike_model(id, model, bike_make_id) values (259, "Excel", 15);
insert into bike_model(id, model, bike_make_id) values (260, "Fiero", 15);
insert into bike_model(id, model, bike_make_id) values (261, "Fiero FX", 15);
insert into bike_model(id, model, bike_make_id) values (262, "Flame", 15);
insert into bike_model(id, model, bike_make_id) values (263, "Heavy Duty Super XL", 15);
insert into bike_model(id, model, bike_make_id) values (264, "Jive", 15);
insert into bike_model(id, model, bike_make_id) values (265, "Jupiter", 15);
insert into bike_model(id, model, bike_make_id) values (266, "MAX4R", 15);
insert into bike_model(id, model, bike_make_id) values (267, "Max DLX", 15);
insert into bike_model(id, model, bike_make_id) values (268, "Phoenix 125", 15);
insert into bike_model(id, model, bike_make_id) values (269, "Samurai", 15);
insert into bike_model(id, model, bike_make_id) values (270, "Scooty ES", 15);
insert into bike_model(id, model, bike_make_id) values (271, "Scooty Pep DLX", 15);
insert into bike_model(id, model, bike_make_id) values (272, "Scooty Pep Plus", 15);
insert into bike_model(id, model, bike_make_id) values (273, "Scooty Streak", 15);
insert into bike_model(id, model, bike_make_id) values (274, "Scooty Teenz", 15);
insert into bike_model(id, model, bike_make_id) values (275, "Scooty Zest 110", 15);
insert into bike_model(id, model, bike_make_id) values (276, "Spectra", 15);
insert into bike_model(id, model, bike_make_id) values (277, "Star City", 15);
insert into bike_model(id, model, bike_make_id) values (278, "Star City Plus", 15);
insert into bike_model(id, model, bike_make_id) values (279, "Star Deluxe", 15);
insert into bike_model(id, model, bike_make_id) values (280, "Star Sport", 15);
insert into bike_model(id, model, bike_make_id) values (281, "Streak", 15);
insert into bike_model(id, model, bike_make_id) values (282, "Victor", 15);
insert into bike_model(id, model, bike_make_id) values (283, "Victor Edge", 15);
insert into bike_model(id, model, bike_make_id) values (284, "Victor GLX", 15);
insert into bike_model(id, model, bike_make_id) values (285, "Victor GX", 15);
insert into bike_model(id, model, bike_make_id) values (286, "Wego", 15);
------------------------------------------------
insert into bike_make(id, make) values (16,"Triumph");
insert into bike_model(id, model, bike_make_id) values (287, "Bonneville", 16);
insert into bike_model(id, model, bike_make_id) values (288, "Bonneville T 100", 16);
insert into bike_model(id, model, bike_make_id) values (289, "Daytona 675 ABS", 16);
insert into bike_model(id, model, bike_make_id) values (290, "Daytona 675 R", 16);
insert into bike_model(id, model, bike_make_id) values (291, "Rocket III Roadster", 16);
insert into bike_model(id, model, bike_make_id) values (292, "Speed Triple ABS", 16);
insert into bike_model(id, model, bike_make_id) values (293, "Street Triple ABS", 16);
insert into bike_model(id, model, bike_make_id) values (294, "Street Twin", 16);
insert into bike_model(id, model, bike_make_id) values (295, "Thruxton ", 16);
insert into bike_model(id, model, bike_make_id) values (296, "Thunderbird LT", 16);
insert into bike_model(id, model, bike_make_id) values (297, "Thunderbird storm", 16);
insert into bike_model(id, model, bike_make_id) values (298, "Tiger 800", 16);
insert into bike_model(id, model, bike_make_id) values (299, "Tiger 800 XC", 16);
insert into bike_model(id, model, bike_make_id) values (300, "Tiger 800 XR", 16);
insert into bike_model(id, model, bike_make_id) values (301, "Tiger 800 Xcx", 16);
insert into bike_model(id, model, bike_make_id) values (302, "Tiger 800 Xrx", 16);
insert into bike_model(id, model, bike_make_id) values (303, "Tiger Explorer", 16);
------------------------------------------------
insert into bike_make(id, make) values (17,"Yamaha");
insert into bike_model(id, model, bike_make_id) values (304, "Alba", 17);
insert into bike_model(id, model, bike_make_id) values (305, "Alpha", 17);
insert into bike_model(id, model, bike_make_id) values (306, "Crux", 17);
insert into bike_model(id, model, bike_make_id) values (307, "Crux R", 17);
insert into bike_model(id, model, bike_make_id) values (308, "Crux S", 17);
insert into bike_model(id, model, bike_make_id) values (309, "Enticer", 17);
insert into bike_model(id, model, bike_make_id) values (310, "Enticer DLX", 17);
insert into bike_model(id, model, bike_make_id) values (311, "FZ1", 17);
insert into bike_model(id, model, bike_make_id) values (312, "FZ 6", 17);
insert into bike_model(id, model, bike_make_id) values (313, "FZ16", 17);
insert into bike_model(id, model, bike_make_id) values (314, "FZ 25", 17);
insert into bike_model(id, model, bike_make_id) values (315, "FZR 400", 17);
insert into bike_model(id, model, bike_make_id) values (316, "FZR 600", 17);
insert into bike_model(id, model, bike_make_id) values (317, "FZ S", 17);
insert into bike_model(id, model, bike_make_id) values (318, "Fascino", 17);
insert into bike_model(id, model, bike_make_id) values (319, "Fazer", 17);
insert into bike_model(id, model, bike_make_id) values (320, "Fazer DLX", 17);
insert into bike_model(id, model, bike_make_id) values (321, "Fazer FIV 2", 17);
insert into bike_model(id, model, bike_make_id) values (322, "GTS 1000", 17);
insert into bike_model(id, model, bike_make_id) values (323, "Gladiator", 17);
insert into bike_model(id, model, bike_make_id) values (324, "Libero", 17);
insert into bike_model(id, model, bike_make_id) values (325, "Libero LX", 17);
insert into bike_model(id, model, bike_make_id) values (326, "Libero LX G 5", 17);
insert into bike_model(id, model, bike_make_id) values (327, "MT01", 17);
insert into bike_model(id, model, bike_make_id) values (328, "PW50", 17);
insert into bike_model(id, model, bike_make_id) values (329, "PW80", 17);
insert into bike_model(id, model, bike_make_id) values (330, "Pearl", 17);
insert into bike_model(id, model, bike_make_id) values (331, "R1", 17);
insert into bike_model(id, model, bike_make_id) values (332, "R6", 17);
insert into bike_model(id, model, bike_make_id) values (333, "RD", 17);
insert into bike_model(id, model, bike_make_id) values (334, "RX 100", 17);
insert into bike_model(id, model, bike_make_id) values (335, "RX 135", 17);
insert into bike_model(id, model, bike_make_id) values (336, "RX G", 17);
insert into bike_model(id, model, bike_make_id) values (337, "RX Z", 17);
insert into bike_model(id, model, bike_make_id) values (338, "RZ 250", 17);
insert into bike_model(id, model, bike_make_id) values (339, "RZ 350", 17);
insert into bike_model(id, model, bike_make_id) values (340, "Raptor 360", 17);
insert into bike_model(id, model, bike_make_id) values (341, "Ray", 17);
insert into bike_model(id, model, bike_make_id) values (342, "Ray Z", 17);
insert into bike_model(id, model, bike_make_id) values (343, "SS 125", 17);
insert into bike_model(id, model, bike_make_id) values (344, "SZ", 17);
insert into bike_model(id, model, bike_make_id) values (345, "SZ R", 17);
insert into bike_model(id, model, bike_make_id) values (346, "SZ RR", 17);
insert into bike_model(id, model, bike_make_id) values (347, "SZ RR", 17);
insert into bike_model(id, model, bike_make_id) values (348, "SZ RR V 2", 17);
insert into bike_model(id, model, bike_make_id) values (349, "SZ S", 17);
insert into bike_model(id, model, bike_make_id) values (350, "SZ S", 17);
insert into bike_model(id, model, bike_make_id) values (351, "SZ X", 17);
insert into bike_model(id, model, bike_make_id) values (352, "Saluto", 17);
insert into bike_model(id, model, bike_make_id) values (353, "Star Warrior", 17);
insert into bike_model(id, model, bike_make_id) values (354, "TZR 250", 17);
insert into bike_model(id, model, bike_make_id) values (355, "V Star", 17);
insert into bike_model(id, model, bike_make_id) values (356, "Vmax", 17);
insert into bike_model(id, model, bike_make_id) values (357, "XJ 750 Seca", 17);
insert into bike_model(id, model, bike_make_id) values (358, "XS 2", 17);
insert into bike_model(id, model, bike_make_id) values (359, "YBR 110", 17);
insert into bike_model(id, model, bike_make_id) values (360, "YBR 125", 17);
insert into bike_model(id, model, bike_make_id) values (361, "YBX", 17);
insert into bike_model(id, model, bike_make_id) values (362, "YD", 17);
insert into bike_model(id, model, bike_make_id) values (363, "YZ 250", 17);
insert into bike_model(id, model, bike_make_id) values (364, "YZF R1", 17);
insert into bike_model(id, model, bike_make_id) values (365, "YZF R15", 17);
------------------------------------------------
insert into bike_make(id, make) values (18,"Yezdi");
insert into bike_model(id, model, bike_make_id) values (366, "Classic", 18);
insert into bike_model(id, model, bike_make_id) values (367, "Road King", 18);
------------------------------------------------

create table car_make (
	id int not null primary key,
	make varchar(25), 	
	active bool not null default true
	
	);
    
create table car_model (
	id int not null primary key,
	model varchar(40), 	
	car_make_id int,
	FOREIGN KEY (car_make_id) REFERENCES car_make(id)
	); 
insert into car_make(id, make) values (1,"Audi");
insert into car_model(id, model, car_make_id) values (1,"A3",1);
insert into car_model(id, model, car_make_id) values (2,"A3 Cabriolet",1);
insert into car_model(id, model, car_make_id) values (3,"A4",1);
insert into car_model(id, model, car_make_id) values (4,"A6",1);
insert into car_model(id, model, car_make_id) values (5,"A7",1);
insert into car_model(id, model, car_make_id) values (6,"A8",1);
insert into car_model(id, model, car_make_id) values (7,"A8 L",1);
insert into car_model(id, model, car_make_id) values (8,"Q2",1);
insert into car_model(id, model, car_make_id) values (9,"Q3",1);
insert into car_model(id, model, car_make_id) values (10,"Q5",1);
insert into car_model(id, model, car_make_id) values (11,"Q7",1);
insert into car_model(id, model, car_make_id) values (12,"R8",1);
insert into car_model(id, model, car_make_id) values (13,"RS5",1);
insert into car_model(id, model, car_make_id) values (14,"RS6",1);
insert into car_model(id, model, car_make_id) values (15,"RS7",1);
insert into car_model(id, model, car_make_id) values (16,"RS7 Sportback",1);
insert into car_model(id, model, car_make_id) values (17,"S4",1);
insert into car_model(id, model, car_make_id) values (18,"S5 Sportback",1);
insert into car_model(id, model, car_make_id) values (19,"TT",1);
------------------------------------------------
insert into car_make(id, make) values (2,"BMW");
insert into car_model(id, model, car_make_id) values (20,"1 Series",2);
insert into car_model(id, model, car_make_id) values (21,"3 Series",2);
insert into car_model(id, model, car_make_id) values (22,"3 Series GT",2);
insert into car_model(id, model, car_make_id) values (23,"4 Series",2);
insert into car_model(id, model, car_make_id) values (24,"5 Series",2);
insert into car_model(id, model, car_make_id) values (25,"5 Series GT",2);
insert into car_model(id, model, car_make_id) values (26,"6 Series",2);
insert into car_model(id, model, car_make_id) values (27,"7 Series",2);
insert into car_model(id, model, car_make_id) values (28,"Gran Turismo",2);
insert into car_model(id, model, car_make_id) values (29,"M3",2);
insert into car_model(id, model, car_make_id) values (30,"M5",2);
insert into car_model(id, model, car_make_id) values (31,"M Series",2);
insert into car_model(id, model, car_make_id) values (32,"X1",2);
insert into car_model(id, model, car_make_id) values (33,"X3",2);
insert into car_model(id, model, car_make_id) values (34,"X5",2);
insert into car_model(id, model, car_make_id) values (35,"X6",2);
insert into car_model(id, model, car_make_id) values (36,"Z4",2);
insert into car_model(id, model, car_make_id) values (37,"Z4 Convertible",2);
insert into car_model(id, model, car_make_id) values (38,"Z4 Coupe",2);
insert into car_model(id, model, car_make_id) values (39,"i8",2);
------------------------------------------------
insert into car_make(id, make) values (3,"Chevrolet");
insert into car_model(id, model, car_make_id) values (40,"Aveo",3);
insert into car_model(id, model, car_make_id) values (41,"Aveo UVA",3);
insert into car_model(id, model, car_make_id) values (42,"Beat",3);
insert into car_model(id, model, car_make_id) values (43,"Captiva",3);
insert into car_model(id, model, car_make_id) values (44,"Cruze",3);
insert into car_model(id, model, car_make_id) values (45,"Enjoy",3);
insert into car_model(id, model, car_make_id) values (46,"Forester",3);
insert into car_model(id, model, car_make_id) values (47,"Optra",3);
insert into car_model(id, model, car_make_id) values (48,"Optra Magnum",3);
insert into car_model(id, model, car_make_id) values (49,"Optra SRV",3);
insert into car_model(id, model, car_make_id) values (50,"Sail",3);
insert into car_model(id, model, car_make_id) values (51,"Sail Hatchback",3);
insert into car_model(id, model, car_make_id) values (52,"Sail UVA",3);
insert into car_model(id, model, car_make_id) values (53,"Spark",3);
insert into car_model(id, model, car_make_id) values (54,"Spark LPG",3);
insert into car_model(id, model, car_make_id) values (55,"Tavera",3);
insert into car_model(id, model, car_make_id) values (56,"Tavera Neo",3);
insert into car_model(id, model, car_make_id) values (57,"Trailblazer",3);
------------------------------------------------
insert into car_make(id, make) values (4,"Daewoo");
insert into car_model(id, model, car_make_id) values (58,"Cielo",4);
insert into car_model(id, model, car_make_id) values (59,"Matiz",4);
insert into car_model(id, model, car_make_id) values (60,"Nexia",4);
------------------------------------------------
insert into car_make(id, make) values (5,"Datsun");
insert into car_model(id, model, car_make_id) values (61,"GO",5);
insert into car_model(id, model, car_make_id) values (62,"Go Cross",5);
insert into car_model(id, model, car_make_id) values (63,"Go Plus",5);
insert into car_model(id, model, car_make_id) values (64,"On DO",5);
insert into car_model(id, model, car_make_id) values (65,"Redi GO",5);
insert into car_model(id, model, car_make_id) values (66,"RediGo",5);
------------------------------------------------
insert into car_make(id, make) values (6,"Fiat");
insert into car_model(id, model, car_make_id) values (67,"500",6);
insert into car_model(id, model, car_make_id) values (68,"Abarth 595",6);
insert into car_model(id, model, car_make_id) values (69,"Abarth Punto",6);
insert into car_model(id, model, car_make_id) values (70,"Adventure",6);
insert into car_model(id, model, car_make_id) values (71,"Avventura",6);
insert into car_model(id, model, car_make_id) values (72,"Grande Punto",6);
insert into car_model(id, model, car_make_id) values (73,"Linea",6);
insert into car_model(id, model, car_make_id) values (74,"Linea Classic",6);
insert into car_model(id, model, car_make_id) values (75,"Palio D",6);
insert into car_model(id, model, car_make_id) values (76,"Palio NV",6);
insert into car_model(id, model, car_make_id) values (77,"Palio Stile",6);
insert into car_model(id, model, car_make_id) values (78,"Palio Stile Multijet",6);
insert into car_model(id, model, car_make_id) values (79,"Petra",6);
insert into car_model(id, model, car_make_id) values (80,"Petra D",6);
insert into car_model(id, model, car_make_id) values (81,"Punto",6);
insert into car_model(id, model, car_make_id) values (82,"Punto Evo",6);
insert into car_model(id, model, car_make_id) values (83,"Punto Pure",6);
insert into car_model(id, model, car_make_id) values (84,"Uno",6);
------------------------------------------------
insert into car_make(id, make) values (7,"Force Motors");
insert into car_model(id, model, car_make_id) values (85,"Force One",7);
insert into car_model(id, model, car_make_id) values (86,"Gurkha",7);
insert into car_model(id, model, car_make_id) values (87,"One SUV",7);
------------------------------------------------
insert into car_make(id, make) values (8,"Ford");
insert into car_model(id, model, car_make_id) values (88,"Classic",8);
insert into car_model(id, model, car_make_id) values (89,"EcoSport",8);
insert into car_model(id, model, car_make_id) values (90,"Endeavor",8);
insert into car_model(id, model, car_make_id) values (91,"Endeavour",8);
insert into car_model(id, model, car_make_id) values (92,"Escort",8);
insert into car_model(id, model, car_make_id) values (93,"Fiesta",8);
insert into car_model(id, model, car_make_id) values (94,"Fiesta Classic",8);
insert into car_model(id, model, car_make_id) values (95,"Figo",8);
insert into car_model(id, model, car_make_id) values (96,"Figo Aspire",8);
insert into car_model(id, model, car_make_id) values (97,"Fusion",8);
insert into car_model(id, model, car_make_id) values (98,"Ikon",8);
insert into car_model(id, model, car_make_id) values (99,"Mondeo",8);
insert into car_model(id, model, car_make_id) values (100,"Mustang",8);
insert into car_model(id, model, car_make_id) values (101,"New Ikon",8);
------------------------------------------------
insert into car_make(id, make) values (9,"Hindustan Motors");
insert into car_model(id, model, car_make_id) values (102,"Ambassador",9);
insert into car_model(id, model, car_make_id) values (103,"Contessa",9);
------------------------------------------------
insert into car_make(id, make) values (10,"Honda");
insert into car_model(id, model, car_make_id) values (104,"Abc",10);
insert into car_model(id, model, car_make_id) values (105,"Accord",10);
insert into car_model(id, model, car_make_id) values (106,"Amaze",10);
insert into car_model(id, model, car_make_id) values (107,"BRV",10);
insert into car_model(id, model, car_make_id) values (108,"Brio",10);
insert into car_model(id, model, car_make_id) values (109,"CRV",10);
insert into car_model(id, model, car_make_id) values (110,"City",10);
insert into car_model(id, model, car_make_id) values (111,"City ZX",10);
insert into car_model(id, model, car_make_id) values (112,"Civic",10);
insert into car_model(id, model, car_make_id) values (113,"Jazz",10);
insert into car_model(id, model, car_make_id) values (114,"Mobilio",10);
insert into car_model(id, model, car_make_id) values (115,"WRV",10);
insert into car_model(id, model, car_make_id) values (116,"WR V",10);
------------------------------------------------
insert into car_make(id, make) values (11,"Hyundai");
insert into car_model(id, model, car_make_id) values (117,"Accent",11);
insert into car_model(id, model, car_make_id) values (118,"Accent Viva",11);
insert into car_model(id, model, car_make_id) values (119,"Creta",11);
insert into car_model(id, model, car_make_id) values (120,"Elantra",11);
insert into car_model(id, model, car_make_id) values (121,"Elite i20",11);
insert into car_model(id, model, car_make_id) values (122,"Eon",11);
insert into car_model(id, model, car_make_id) values (123,"Fluidic Verna",11);
insert into car_model(id, model, car_make_id) values (124,"Getz",11);
insert into car_model(id, model, car_make_id) values (125,"Getz Prime",11);
insert into car_model(id, model, car_make_id) values (126,"Grand i10",11);
insert into car_model(id, model, car_make_id) values (127,"Santa Fe",11);
insert into car_model(id, model, car_make_id) values (128,"Santro",11);
insert into car_model(id, model, car_make_id) values (129,"Santro Xing",11);
insert into car_model(id, model, car_make_id) values (130,"Sonata",11);
insert into car_model(id, model, car_make_id) values (131,"Sonata Embera",11);
insert into car_model(id, model, car_make_id) values (132,"Sonata Transform",11);
insert into car_model(id, model, car_make_id) values (133,"Tucson",11);
insert into car_model(id, model, car_make_id) values (134,"Verna",11);
insert into car_model(id, model, car_make_id) values (135,"Verna Fluidic",11);
insert into car_model(id, model, car_make_id) values (136,"Verna Transform",11);
insert into car_model(id, model, car_make_id) values (137,"Xcent",11);
insert into car_model(id, model, car_make_id) values (138,"i10",11);
insert into car_model(id, model, car_make_id) values (139,"i20",11);
insert into car_model(id, model, car_make_id) values (140,"i20 Active",11);
------------------------------------------------
insert into car_make(id, make) values (12,"Jaguar");
insert into car_model(id, model, car_make_id) values (141,"F Pace",12);
insert into car_model(id, model, car_make_id) values (142,"F Type",12);
insert into car_model(id, model, car_make_id) values (143,"XE",12);
insert into car_model(id, model, car_make_id) values (144,"XF",12);
insert into car_model(id, model, car_make_id) values (145,"XJ",12);
insert into car_model(id, model, car_make_id) values (146,"XJ L",12);
insert into car_model(id, model, car_make_id) values (147,"XK",12);
------------------------------------------------
insert into car_make(id, make) values (13,"Jeep");
insert into car_model(id, model, car_make_id) values (148,"Compass",13);
insert into car_model(id, model, car_make_id) values (149,"Grand Cherokee",13);
insert into car_model(id, model, car_make_id) values (150,"Grand Cherokee SRT",13);
insert into car_model(id, model, car_make_id) values (151,"Wrangler",13);
------------------------------------------------
insert into car_make(id, make) values (14,"Land Rover");
insert into car_model(id, model, car_make_id) values (152,"Discovery",14);
insert into car_model(id, model, car_make_id) values (153,"Discovery 3",14);
insert into car_model(id, model, car_make_id) values (154,"Discovery 4",14);
insert into car_model(id, model, car_make_id) values (155,"Discovery Sport",14);
insert into car_model(id, model, car_make_id) values (156,"Freelander 2",14);
insert into car_model(id, model, car_make_id) values (157,"Range Rover",14);
insert into car_model(id, model, car_make_id) values (158,"Range Rover Evoque",14);
insert into car_model(id, model, car_make_id) values (159,"Range Rover Sport",14);
------------------------------------------------
insert into car_make(id, make) values (15,"Lexus");
insert into car_model(id, model, car_make_id) values (160,"ES",15);
insert into car_model(id, model, car_make_id) values (161,"RX",15);
------------------------------------------------
insert into car_make(id, make) values (16,"Mahindra");
insert into car_model(id, model, car_make_id) values (162,"Armada",16);
insert into car_model(id, model, car_make_id) values (163,"Bolero",16);
insert into car_model(id, model, car_make_id) values (164,"CL Range",16);
insert into car_model(id, model, car_make_id) values (165,"E Verito",16);
insert into car_model(id, model, car_make_id) values (166,"Jeep",16);
insert into car_model(id, model, car_make_id) values (167,"KUV100",16);
insert into car_model(id, model, car_make_id) values (168,"Logan",16);
insert into car_model(id, model, car_make_id) values (169,"MM Range",16);
insert into car_model(id, model, car_make_id) values (170,"Marshal DI",16);
insert into car_model(id, model, car_make_id) values (171,"Maxx",16);
insert into car_model(id, model, car_make_id) values (172,"NuvoSport",16);
insert into car_model(id, model, car_make_id) values (173,"Quanto",16);
insert into car_model(id, model, car_make_id) values (174,"REVAi",16);
insert into car_model(id, model, car_make_id) values (175,"Reva",16);
insert into car_model(id, model, car_make_id) values (176,"Scorpio",16);
insert into car_model(id, model, car_make_id) values (177,"Scorpio Getaway",16);
insert into car_model(id, model, car_make_id) values (178,"Scorpio W",16);
insert into car_model(id, model, car_make_id) values (179,"TUV300",16);
insert into car_model(id, model, car_make_id) values (180,"Thar",16);
insert into car_model(id, model, car_make_id) values (181,"Verito",16);
insert into car_model(id, model, car_make_id) values (182,"Verito Vibe CS",16);
insert into car_model(id, model, car_make_id) values (183,"Voyager",16);
insert into car_model(id, model, car_make_id) values (184,"XUV500",16);
insert into car_model(id, model, car_make_id) values (185,"Xylo",16);
insert into car_model(id, model, car_make_id) values (186,"e2o",16);
insert into car_model(id, model, car_make_id) values (187,"e2o Plus",16);
insert into car_model(id, model, car_make_id) values (188,"e20",16);
------------------------------------------------
insert into car_make(id, make) values (17,"Maruti Suzuki");
insert into car_model(id, model, car_make_id) values (189,"800",17);
insert into car_model(id, model, car_make_id) values (190,"A Star",17);
insert into car_model(id, model, car_make_id) values (191,"Alto",17);
insert into car_model(id, model, car_make_id) values (192,"Alto 800",17);
insert into car_model(id, model, car_make_id) values (193,"Alto K10",17);
insert into car_model(id, model, car_make_id) values (194,"Baleno",17);
insert into car_model(id, model, car_make_id) values (195,"Celerio",17);
insert into car_model(id, model, car_make_id) values (196,"Ciaz",17);
insert into car_model(id, model, car_make_id) values (197,"Dzire",17);
insert into car_model(id, model, car_make_id) values (198,"Eeco",17);
insert into car_model(id, model, car_make_id) values (199,"Ertiga",17);
insert into car_model(id, model, car_make_id) values (200,"Esteem",17);
insert into car_model(id, model, car_make_id) values (201,"Estilo",17);
insert into car_model(id, model, car_make_id) values (202,"Grand Vitara",17);
insert into car_model(id, model, car_make_id) values (203,"Gypsy",17);
insert into car_model(id, model, car_make_id) values (204,"Ignis",17);
insert into car_model(id, model, car_make_id) values (205,"Kizashi",17);
insert into car_model(id, model, car_make_id) values (206,"Maruti 800",17);
insert into car_model(id, model, car_make_id) values (207,"Maruti 1000",17);
insert into car_model(id, model, car_make_id) values (208,"Omni",17);
insert into car_model(id, model, car_make_id) values (209,"Ritz",17);
insert into car_model(id, model, car_make_id) values (210,"S Cross",17);
insert into car_model(id, model, car_make_id) values (211,"SX4",17);
insert into car_model(id, model, car_make_id) values (212,"Stingray",17);
insert into car_model(id, model, car_make_id) values (213,"Swift",17);
insert into car_model(id, model, car_make_id) values (214,"Swift 2017",17);
insert into car_model(id, model, car_make_id) values (215,"Swift Dzire",17);
insert into car_model(id, model, car_make_id) values (216,"Versa",17);
insert into car_model(id, model, car_make_id) values (217,"Vitara Brezza",17);
insert into car_model(id, model, car_make_id) values (218,"Wagon R",17);
insert into car_model(id, model, car_make_id) values (219,"Wagon R 1.0",17);
insert into car_model(id, model, car_make_id) values (220,"Wagon R Duo",17);
insert into car_model(id, model, car_make_id) values (221,"Zen",17);
insert into car_model(id, model, car_make_id) values (222,"Zen Estilo",17);
------------------------------------------------
insert into car_make(id, make) values (18,"Mercedes Benz");
insert into car_model(id, model, car_make_id) values (223,"A Class",18);
insert into car_model(id, model, car_make_id) values (224,"AMG GT",18);
insert into car_model(id, model, car_make_id) values (225,"B Class",18);
insert into car_model(id, model, car_make_id) values (226,"C Class",18);
insert into car_model(id, model, car_make_id) values (227,"C Class Cabriolet",18);
insert into car_model(id, model, car_make_id) values (228,"CLA Class",18);
insert into car_model(id, model, car_make_id) values (229,"CL Class",18);
insert into car_model(id, model, car_make_id) values (230,"CLK",18);
insert into car_model(id, model, car_make_id) values (231,"CLS Class",18);
insert into car_model(id, model, car_make_id) values (232,"E Class",18);
insert into car_model(id, model, car_make_id) values (233,"E Class Cabriolet",18);
insert into car_model(id, model, car_make_id) values (234,"G Class",18);
insert into car_model(id, model, car_make_id) values (235,"GLA",18);
insert into car_model(id, model, car_make_id) values (236,"GLA Class",18);
insert into car_model(id, model, car_make_id) values (237,"GLC",18);
insert into car_model(id, model, car_make_id) values (238,"GL Class",18);
insert into car_model(id, model, car_make_id) values (239,"GLE Class",18);
insert into car_model(id, model, car_make_id) values (240,"GLE Coupe",18);
insert into car_model(id, model, car_make_id) values (241,"GLS",18);
insert into car_model(id, model, car_make_id) values (242,"M Class",18);
insert into car_model(id, model, car_make_id) values (243,"R Class",18);
insert into car_model(id, model, car_make_id) values (244,"S Class",18);
insert into car_model(id, model, car_make_id) values (245,"S Class Cabriolet",18);
insert into car_model(id, model, car_make_id) values (246,"S Coupe",18);
insert into car_model(id, model, car_make_id) values (247,"SLC",18);
insert into car_model(id, model, car_make_id) values (248,"SL Class",18);
insert into car_model(id, model, car_make_id) values (249,"SLK Class",18);
insert into car_model(id, model, car_make_id) values (250,"SLS",18);
insert into car_model(id, model, car_make_id) values (251,"SLS AMG",18);
------------------------------------------------
insert into car_make(id, make) values (19,"Mitsubishi");
insert into car_model(id, model, car_make_id) values (252,"Cedia",19);
insert into car_model(id, model, car_make_id) values (253,"Challenger",19);
insert into car_model(id, model, car_make_id) values (254,"Lancer",19);
insert into car_model(id, model, car_make_id) values (255,"Lancer Evolution",19);
insert into car_model(id, model, car_make_id) values (256,"Lancer Evolution X",19);
insert into car_model(id, model, car_make_id) values (257,"Montero",19);
insert into car_model(id, model, car_make_id) values (258,"Outlander",19);
insert into car_model(id, model, car_make_id) values (259,"Pajero",19);
insert into car_model(id, model, car_make_id) values (260,"Pajero Sport",19);
------------------------------------------------
insert into car_make(id, make) values (20,"Nissan");
insert into car_model(id, model, car_make_id) values (261,"370Z",20);
insert into car_model(id, model, car_make_id) values (262,"Evalia",20);
insert into car_model(id, model, car_make_id) values (263,"GTR",20);
insert into car_model(id, model, car_make_id) values (264,"Micra",20);
insert into car_model(id, model, car_make_id) values (265,"Micra Active",20);
insert into car_model(id, model, car_make_id) values (266,"Sunny",20);
insert into car_model(id, model, car_make_id) values (267,"Teana",20);
insert into car_model(id, model, car_make_id) values (268,"Terrano",20);
insert into car_model(id, model, car_make_id) values (269,"X Trail",20);
------------------------------------------------
insert into car_make(id, make) values (21,"Opel");
insert into car_model(id, model, car_make_id) values (270,"Astra",21);
insert into car_model(id, model, car_make_id) values (271,"Corsa",21);
insert into car_model(id, model, car_make_id) values (272,"Vectra",21);
------------------------------------------------
insert into car_make(id, make) values (22,"Premier");
insert into car_model(id, model, car_make_id) values (273,"Padmini",22);
insert into car_model(id, model, car_make_id) values (274,"Rio",22);
------------------------------------------------
insert into car_make(id, make) values (23,"Renault");
insert into car_model(id, model, car_make_id) values (275,"Captur",23);
insert into car_model(id, model, car_make_id) values (276,"Duster",23);
insert into car_model(id, model, car_make_id) values (277,"Fluence",23);
insert into car_model(id, model, car_make_id) values (278,"Koleos",23);
insert into car_model(id, model, car_make_id) values (279,"Kwid",23);
insert into car_model(id, model, car_make_id) values (280,"Kwid 1.0",23);
insert into car_model(id, model, car_make_id) values (281,"Lodgy",23);
insert into car_model(id, model, car_make_id) values (282,"Logan",23);
insert into car_model(id, model, car_make_id) values (283,"Logan Edge",23);
insert into car_model(id, model, car_make_id) values (284,"Pulse",23);
insert into car_model(id, model, car_make_id) values (285,"Scala",23);
------------------------------------------------
insert into car_make(id, make) values (24,"Skoda");
insert into car_model(id, model, car_make_id) values (286,"Fabia",24);
insert into car_model(id, model, car_make_id) values (287,"Fabia Scout",24);
insert into car_model(id, model, car_make_id) values (288,"Kodiaq",24);
insert into car_model(id, model, car_make_id) values (289,"Laura",24);
insert into car_model(id, model, car_make_id) values (290,"Octavia",24);
insert into car_model(id, model, car_make_id) values (291,"Octavia Combi",24);
insert into car_model(id, model, car_make_id) values (292,"Rapid",24);
insert into car_model(id, model, car_make_id) values (293,"Rapid new",24);
insert into car_model(id, model, car_make_id) values (294,"Superb",24);
insert into car_model(id, model, car_make_id) values (295,"Yeti",24);
------------------------------------------------
insert into car_make(id, make) values (25,"Tata");
insert into car_model(id, model, car_make_id) values (296,"Aria",25);
insert into car_model(id, model, car_make_id) values (297,"Bolt",25);
insert into car_model(id, model, car_make_id) values (298,"Estate",25);
insert into car_model(id, model, car_make_id) values (299,"Hexa",25);
insert into car_model(id, model, car_make_id) values (300,"Indica",25);
insert into car_model(id, model, car_make_id) values (301,"Indica V2",25);
insert into car_model(id, model, car_make_id) values (302,"Indica V2 Xeta",25);
insert into car_model(id, model, car_make_id) values (303,"Indica Vista",25);
insert into car_model(id, model, car_make_id) values (304,"Indica eV2",25);
insert into car_model(id, model, car_make_id) values (305,"Indigo",25);
insert into car_model(id, model, car_make_id) values (306,"Indigo CS",25);
insert into car_model(id, model, car_make_id) values (307,"Indigo Marina",25);
insert into car_model(id, model, car_make_id) values (308,"Indigo V Series",25);
insert into car_model(id, model, car_make_id) values (309,"Indigo XL",25);
insert into car_model(id, model, car_make_id) values (310,"Indigo eCS",25);
insert into car_model(id, model, car_make_id) values (311,"Kite Sedan",25);
insert into car_model(id, model, car_make_id) values (312,"Manza",25);
insert into car_model(id, model, car_make_id) values (313,"Movus",25);
insert into car_model(id, model, car_make_id) values (314,"Nano",25);
insert into car_model(id, model, car_make_id) values (315,"Nano GenX",25);
insert into car_model(id, model, car_make_id) values (316,"Nexon",25);
insert into car_model(id, model, car_make_id) values (317,"RaceMo",25);
insert into car_model(id, model, car_make_id) values (318,"Safari",25);
insert into car_model(id, model, car_make_id) values (319,"Safari Storme",25);
insert into car_model(id, model, car_make_id) values (320,"Sumo",25);
insert into car_model(id, model, car_make_id) values (321,"Sumo Gold",25);
insert into car_model(id, model, car_make_id) values (322,"Sumo Grande",25);
insert into car_model(id, model, car_make_id) values (323,"Sumo Grande MK II",25);
insert into car_model(id, model, car_make_id) values (324,"Sumo Spacio",25);
insert into car_model(id, model, car_make_id) values (325,"Sumo Victa",25);
insert into car_model(id, model, car_make_id) values (326,"Tiago",25);
insert into car_model(id, model, car_make_id) values (327,"Tigor",25);
insert into car_model(id, model, car_make_id) values (328,"Venture",25);
insert into car_model(id, model, car_make_id) values (329,"Vista",25);
insert into car_model(id, model, car_make_id) values (330,"Vista Tech",25);
insert into car_model(id, model, car_make_id) values (331,"Winger",25);
insert into car_model(id, model, car_make_id) values (332,"Xenon XT",25);
insert into car_model(id, model, car_make_id) values (333,"Zest",25);
------------------------------------------------
insert into car_make(id, make) values (26,"Toyota");
insert into car_model(id, model, car_make_id) values (334,"All New Fortuner",26);
insert into car_model(id, model, car_make_id) values (335,"Camry",26);
insert into car_model(id, model, car_make_id) values (336,"Celica",26);
insert into car_model(id, model, car_make_id) values (337,"Corolla",26);
insert into car_model(id, model, car_make_id) values (338,"Corolla Altis",26);
insert into car_model(id, model, car_make_id) values (339,"Etios",26);
insert into car_model(id, model, car_make_id) values (340,"Etios Cross",26);
insert into car_model(id, model, car_make_id) values (341,"Etios Liva",26);
insert into car_model(id, model, car_make_id) values (342,"Fortuner",26);
insert into car_model(id, model, car_make_id) values (343,"Innova",26);
insert into car_model(id, model, car_make_id) values (344,"Innova Crysta",26);
insert into car_model(id, model, car_make_id) values (345,"Land Cruiser",26);
insert into car_model(id, model, car_make_id) values (346,"Land Cruiser Prado",26);
insert into car_model(id, model, car_make_id) values (347,"Platinum Etios",26);
insert into car_model(id, model, car_make_id) values (348,"Prado",26);
insert into car_model(id, model, car_make_id) values (349,"Prius",26);
insert into car_model(id, model, car_make_id) values (350,"Qualis",26);
insert into car_model(id, model, car_make_id) values (351,"Vios",26);
------------------------------------------------
insert into car_make(id, make) values (27,"Volkswagen");
insert into car_model(id, model, car_make_id) values (352,"Ameo",27);
insert into car_model(id, model, car_make_id) values (353,"Beetle",27);
insert into car_model(id, model, car_make_id) values (354,"Cross Polo",27);
insert into car_model(id, model, car_make_id) values (355,"GTI",27);
insert into car_model(id, model, car_make_id) values (356,"Jetta",27);
insert into car_model(id, model, car_make_id) values (357,"Passat",27);
insert into car_model(id, model, car_make_id) values (358,"Phaeton",27);
insert into car_model(id, model, car_make_id) values (359,"Polo",27);
insert into car_model(id, model, car_make_id) values (360,"Polo GTI",27);
insert into car_model(id, model, car_make_id) values (361,"Taigun",27);
insert into car_model(id, model, car_make_id) values (362,"Tiguan",27);
insert into car_model(id, model, car_make_id) values (363,"Touareg",27);
insert into car_model(id, model, car_make_id) values (364,"Vento",27);
------------------------------------------------
insert into car_make(id, make) values (28,"Volvo");
insert into car_model(id, model, car_make_id) values (365,"S60",28);
insert into car_model(id, model, car_make_id) values (366,"S80",28);
insert into car_model(id, model, car_make_id) values (367,"S90",28);
insert into car_model(id, model, car_make_id) values (368,"V40",28);
insert into car_model(id, model, car_make_id) values (369,"V40 Cross Country",28);
insert into car_model(id, model, car_make_id) values (370,"V90 Cross Country",28);
insert into car_model(id, model, car_make_id) values (371,"XC60",28);
insert into car_model(id, model, car_make_id) values (372,"XC90",28);
------------------------------------------------

